ano,localizacao,rede,alunos_por_turma_ei,alunos_por_turma_ei_creche,alunos_por_turma_ei_pre_escola,alunos_por_turma_ef,alunos_por_turma_ef_anos_iniciais,alunos_por_turma_ef_anos_finais,alunos_por_turma_ef_1_ano,alunos_por_turma_ef_2_ano,alunos_por_turma_ef_3_ano,alunos_por_turma_ef_4_ano,alunos_por_turma_ef_5_ano,alunos_por_turma_ef_6_ano,alunos_por_turma_ef_7_ano,alunos_por_turma_ef_8_ano,alunos_por_turma_ef_9_ano,alunos_por_turma_ef_turmas_unif_multi_fluxo,alunos_por_turma_em,alunos_por_turma_em_1_ano,alunos_por_turma_em_2_ano,alunos_por_turma_em_3_ano,alunos_por_turma_em_4_ano,alunos_por_turma_em_nao_seriado,horas_aula_diarias_ei,horas_aula_diarias_ei_creche,horas_aula_diarias_ei_pre_escola,horas_aula_diarias_ef,horas_aula_diarias_ef_anos_iniciais,horas_aula_diarias_ef_anos_finais,horas_aula_diarias_ef_1_ano,horas_aula_diarias_ef_2_ano,horas_aula_diarias_ef_3_ano,horas_aula_diarias_ef_4_ano,horas_aula_diarias_ef_5_ano,horas_aula_diarias_ef_6_ano,horas_aula_diarias_ef_7_ano,horas_aula_diarias_ef_8_ano,horas_aula_diarias_ef_9_ano,horas_aula_diarias_em,horas_aula_diarias_em_1_ano,horas_aula_diarias_em_2_ano,horas_aula_diarias_em_3_ano,horas_aula_diarias_em_4_ano,horas_aula_diarias_em_nao_seriado,distorcao_idade_serie_pct_ef,distorcao_idade_serie_pct_ef_anos_iniciais,distorcao_idade_serie_pct_ef_anos_finais,distorcao_idade_serie_pct_ef_1_ano,distorcao_idade_serie_pct_ef_2_ano,distorcao_idade_serie_pct_ef_3_ano,distorcao_idade_serie_pct_ef_4_ano,distorcao_idade_serie_pct_ef_5_ano,distorcao_idade_serie_pct_ef_6_ano,distorcao_idade_serie_pct_ef_7_ano,distorcao_idade_serie_pct_ef_8_ano,distorcao_idade_serie_pct_ef_9_ano,distorcao_idade_serie_pct_em,distorcao_idade_serie_pct_em_1_ano,distorcao_idade_serie_pct_em_2_ano,distorcao_idade_serie_pct_em_3_ano,distorcao_idade_serie_pct_em_4_ano,taxa_aprovacao_pct_ef,taxa_aprovacao_pct_ef_anos_iniciais,taxa_aprovacao_pct_ef_anos_finais,taxa_aprovacao_pct_ef_1_ano,taxa_aprovacao_pct_ef_2_ano,taxa_aprovacao_pct_ef_3_ano,taxa_aprovacao_pct_ef_4_ano,taxa_aprovacao_pct_ef_5_ano,taxa_aprovacao_pct_ef_6_ano,taxa_aprovacao_pct_ef_7_ano,taxa_aprovacao_pct_ef_8_ano,taxa_aprovacao_pct_ef_9_ano,taxa_aprovacao_pct_em,taxa_aprovacao_pct_em_1_ano,taxa_aprovacao_pct_em_2_ano,taxa_aprovacao_pct_em_3_ano,taxa_aprovacao_pct_em_4_ano,taxa_aprovacao_pct_em_nao_seriado,taxa_reprovacao_pct_ef,taxa_reprovacao_pct_ef_anos_iniciais,taxa_reprovacao_pct_ef_anos_finais,taxa_reprovacao_pct_ef_1_ano,taxa_reprovacao_pct_ef_2_ano,taxa_reprovacao_pct_ef_3_ano,taxa_reprovacao_pct_ef_4_ano,taxa_reprovacao_pct_ef_5_ano,taxa_reprovacao_pct_ef_6_ano,taxa_reprovacao_pct_ef_7_ano,taxa_reprovacao_pct_ef_8_ano,taxa_reprovacao_pct_ef_9_ano,taxa_reprovacao_pct_em,taxa_reprovacao_pct_em_1_ano,taxa_reprovacao_pct_em_2_ano,taxa_reprovacao_pct_em_3_ano,taxa_reprovacao_pct_em_4_ano,taxa_reprovacao_pct_em_nao_seriado,taxa_abandono_pct_ef,taxa_abandono_pct_ef_anos_iniciais,taxa_abandono_pct_ef_anos_finais,taxa_abandono_pct_ef_1_ano,taxa_abandono_pct_ef_2_ano,taxa_abandono_pct_ef_3_ano,taxa_abandono_pct_ef_4_ano,taxa_abandono_pct_ef_5_ano,taxa_abandono_pct_ef_6_ano,taxa_abandono_pct_ef_7_ano,taxa_abandono_pct_ef_8_ano,taxa_abandono_pct_ef_9_ano,taxa_abandono_pct_em,taxa_abandono_pct_em_1_ano,taxa_abandono_pct_em_2_ano,taxa_abandono_pct_em_3_ano,taxa_abandono_pct_em_4_ano,taxa_abandono_pct_em_nao_seriado,taxa_nao_resposta_pct_ef,taxa_nao_resposta_pct_ef_anos_iniciais,taxa_nao_resposta_pct_ef_anos_finais,taxa_nao_resposta_pct_ef_1_ano,taxa_nao_resposta_pct_ef_2_ano,taxa_nao_resposta_pct_ef_3_ano,taxa_nao_resposta_pct_ef_4_ano,taxa_nao_resposta_pct_ef_5_ano,taxa_nao_resposta_pct_ef_6_ano,taxa_nao_resposta_pct_ef_7_ano,taxa_nao_resposta_pct_ef_8_ano,taxa_nao_resposta_pct_ef_9_ano,taxa_nao_resposta_pct_em,taxa_nao_resposta_pct_em_1_ano,taxa_nao_resposta_pct_em_2_ano,taxa_nao_resposta_pct_em_3_ano,taxa_nao_resposta_pct_em_4_ano,taxa_nao_resposta_pct_em_nao_seriado,docentes_ensino_superior_pct_ei,docentes_ensino_superior_pct_ei_creche,docentes_ensino_superior_pct_ei_pre_escola,docentes_ensino_superior_pct_ef,docentes_ensino_superior_pct_ef_anos_iniciais,docentes_ensino_superior_pct_ef_anos_finais,docentes_ensino_superior_pct_em,docentes_ensino_superior_pct_ep,docentes_ensino_superior_pct_eja,docentes_ensino_superior_pct_ee,adequacao_formacao_docente_ei_grupo_1,adequacao_formacao_docente_ei_grupo_2,adequacao_formacao_docente_ei_grupo_3,adequacao_formacao_docente_ei_grupo_4,adequacao_formacao_docente_ei_grupo_5,adequacao_formacao_docente_ef_grupo_1,adequacao_formacao_docente_ef_grupo_2,adequacao_formacao_docente_ef_grupo_3,adequacao_formacao_docente_ef_grupo_4,adequacao_formacao_docente_ef_grupo_5,adequacao_formacao_docente_ef_anos_iniciais_grupo_1,adequacao_formacao_docente_ef_anos_iniciais_grupo_2,adequacao_formacao_docente_ef_anos_iniciais_grupo_3,adequacao_formacao_docente_ef_anos_iniciais_grupo_4,adequacao_formacao_docente_ef_anos_iniciais_grupo_5,adequacao_formacao_docente_ef_anos_finais_grupo_1,adequacao_formacao_docente_ef_anos_finais_grupo_2,adequacao_formacao_docente_ef_anos_finais_grupo_3,adequacao_formacao_docente_ef_anos_finais_grupo_4,adequacao_formacao_docente_ef_anos_finais_grupo_5,adequacao_formacao_docente_em_grupo_1,adequacao_formacao_docente_em_grupo_2,adequacao_formacao_docente_em_grupo_3,adequacao_formacao_docente_em_grupo_4,adequacao_formacao_docente_em_grupo_5,adequacao_formacao_docente_eja_fundamental_grupo_1,adequacao_formacao_docente_eja_fundamental_grupo_2,adequacao_formacao_docente_eja_fundamental_grupo_3,adequacao_formacao_docente_eja_fundamental_grupo_4,adequacao_formacao_docente_eja_fundamental_grupo_5,adequacao_formacao_docente_eja_medio_grupo_1,adequacao_formacao_docente_eja_medio_grupo_2,adequacao_formacao_docente_eja_medio_grupo_3,adequacao_formacao_docente_eja_medio_grupo_4,adequacao_formacao_docente_eja_medio_grupo_5,regularidade_docente_baixa_regularidade,regularidade_docente_media_baixa,regularidade_docente_media_alta,regularidade_docente_alta,esforco_docente_ef_nivel_1,esforco_docente_ef_nivel_2,esforco_docente_ef_nivel_3,esforco_docente_ef_nivel_4,esforco_docente_ef_nivel_5,esforco_docente_ef_nivel_6,esforco_docente_ef_anos_iniciais_nivel_1,esforco_docente_ef_anos_iniciais_nivel_2,esforco_docente_ef_anos_iniciais_nivel_3,esforco_docente_ef_anos_iniciais_nivel_4,esforco_docente_ef_anos_iniciais_nivel_5,esforco_docente_ef_anos_iniciais_nivel_6,esforco_docente_ef_anos_finais_nivel_1,esforco_docente_ef_anos_finais_nivel_2,esforco_docente_ef_anos_finais_nivel_3,esforco_docente_ef_anos_finais_nivel_4,esforco_docente_ef_anos_finais_nivel_5,esforco_docente_ef_anos_finais_nivel_6,esforco_docente_em_nivel_1,esforco_docente_em_nivel_2,esforco_docente_em_nivel_3,esforco_docente_em_nivel_4,esforco_docente_em_nivel_5,esforco_docente_em_nivel_6,complexidade_gestao_nivel_1,complexidade_gestao_nivel_2,complexidade_gestao_nivel_3,complexidade_gestao_nivel_4,complexidade_gestao_nivel_5,complexidade_gestao_nivel_6
2021,Urbana,Privada,11.0,10.3,11.9,18.5,16.4,22.8,15.4,15.7,16.4,17.1,17.7,22.4,22.8,23.0,23.2,10.7,27.2,27.2,27.0,27.4,18.7,22.5,6.7,8.1,5.2,4.7,4.5,4.9,4.5,4.5,4.5,4.5,4.6,4.9,4.9,4.9,5.0,5.5,5.5,5.5,5.6,5.2,5.1,4.4,3.9,5.0,4.5,3.6,3.6,3.8,4.2,4.5,4.7,5.4,5.6,6.0,6.2,6.3,5.3,61.0,98.9,99.1,98.7,98.9,99.1,99.1,99.2,99.2,98.8,98.5,98.6,98.7,98.6,98.0,98.5,99.4,80.4,97.7,0.9,0.7,1.2,0.7,0.7,0.7,0.6,0.6,1.0,1.4,1.3,1.2,1.2,1.8,1.3,0.5,15.4,1.1,0.2,0.2,0.1,0.4,0.2,0.2,0.2,0.2,0.2,0.1,0.1,0.1,0.2,0.2,0.2,0.1,4.2,1.2,4.5,5.0,3.7,5.5,5.0,4.8,4.8,4.9,3.9,3.7,3.5,3.6,3.1,3.4,3.0,2.7,0.6,18.7,71.0,72.7,70.3,84.0,77.5,91.6,95.5,89.5,93.3,94.4,50.6,1.2,20.0,2.6,25.6,61.8,3.1,14.1,2.2,18.8,60.3,3.1,10.4,1.8,24.4,64.5,3.2,20.9,3.0,8.4,69.8,3.1,19.4,3.7,4.0,22.9,1.0,61.4,5.0,9.7,47.9,2.2,38.3,5.7,5.9,6.2,23.2,50.8,19.8,22.7,15.4,29.0,25.4,4.7,2.8,34.5,12.6,27.5,20.4,3.3,1.7,3.5,15.4,28.3,39.4,8.5,4.9,1.1,10.0,32.4,39.5,10.7,6.3,35.2,26.1,20.3,17.5,0.5,0.4
2021,Total,Privada,11.0,10.3,11.9,18.5,16.4,22.8,15.4,15.7,16.4,17.1,17.7,22.4,22.8,22.9,23.2,10.7,27.1,27.2,27.0,27.3,19.7,22.1,6.7,8.1,5.2,4.7,4.5,4.9,4.5,4.5,4.5,4.5,4.6,4.9,4.9,4.9,5.0,5.6,5.6,5.6,5.6,8.3,5.2,4.4,4.0,5.1,4.5,3.6,3.6,3.9,4.2,4.6,4.8,5.5,5.7,6.3,6.5,6.5,5.5,47.8,98.9,99.1,98.6,98.9,99.1,99.1,99.2,99.2,98.8,98.5,98.5,98.7,98.5,97.9,98.4,99.3,83.2,97.6,0.9,0.7,1.2,0.7,0.7,0.8,0.6,0.6,1.0,1.4,1.3,1.2,1.3,1.8,1.3,0.5,10.5,1.1,0.2,0.2,0.2,0.4,0.2,0.1,0.2,0.2,0.2,0.1,0.2,0.1,0.2,0.3,0.3,0.2,6.3,1.3,4.5,5.0,3.7,5.5,5.0,4.8,4.8,4.9,3.9,3.7,3.5,3.6,3.1,3.4,3.1,2.7,0.9,18.5,70.9,72.6,70.1,83.9,77.4,91.5,95.4,89.5,92.9,94.5,50.6,1.2,19.9,2.6,25.7,61.7,3.1,14.1,2.2,18.9,60.2,3.1,10.4,1.8,24.5,64.3,3.2,21.0,3.0,8.5,69.4,3.0,19.6,3.8,4.2,22.9,1.0,61.3,4.9,9.9,47.7,2.2,38.3,5.7,6.1,6.2,23.1,50.8,19.9,22.8,15.4,29.0,25.3,4.7,2.8,34.5,12.6,27.5,20.4,3.3,1.7,3.5,15.5,28.4,39.3,8.4,4.9,1.3,10.3,32.3,39.3,10.6,6.2,35.3,26.3,20.2,17.4,0.5,0.3
2021,Rural,Privada,13.6,13.7,13.5,17.0,15.2,20.6,13.9,14.7,15.0,16.4,16.6,19.5,20.9,20.9,21.1,10.7,24.1,25.8,24.8,22.7,20.7,11.8,6.1,7.2,5.0,5.1,4.6,5.8,4.5,4.6,4.7,4.7,4.7,5.5,5.8,6.0,6.0,8.2,7.9,8.0,8.1,11.0,8.6,9.0,6.3,12.7,5.0,5.4,6.3,7.7,6.9,9.6,11.9,14.4,15.0,23.2,23.9,21.8,20.8,35.8,97.3,97.9,96.5,97.5,97.8,97.9,97.7,98.6,96.6,96.6,96.7,96.2,91.2,91.2,91.2,92.5,85.7,89.1,2.2,1.8,2.7,1.9,1.8,1.8,2.2,1.2,2.5,2.6,2.6,2.8,3.1,2.8,3.5,2.1,6.0,1.8,0.5,0.3,0.8,0.6,0.4,0.3,0.1,0.2,0.9,0.8,0.7,1.0,5.7,6.0,5.3,5.4,8.3,9.1,4.7,5.4,3.7,5.3,5.4,5.3,5.2,5.7,4.2,3.9,3.5,3.2,3.2,3.3,4.0,2.7,1.1,8.3,59.3,63.4,54.9,73.5,65.1,82.3,87.8,89.9,75.9,96.2,45.6,0.9,11.1,1.9,40.5,49.7,2.5,15.6,2.1,30.1,49.1,2.3,9.2,1.3,38.1,50.7,2.8,26.0,3.6,16.9,49.0,2.0,30.8,9.0,9.2,24.6,0.2,55.3,3.1,16.8,28.4,1.2,38.4,10.6,21.4,6.2,21.3,48.8,23.7,23.9,18.4,28.6,23.8,3.5,1.8,38.8,14.5,25.4,18.9,1.8,0.6,5.8,19.4,32.4,33.9,5.6,2.9,3.7,27.8,28.6,29.4,7.5,3.0,38.7,40.2,14.3,6.7,0.0,0.1
2021,Total,Federal,12.7,11.5,13.8,24.7,22.0,26.0,15.5,20.8,23.9,24.1,24.8,24.0,25.8,26.3,27.5,,29.8,31.6,30.7,29.2,25.8,24.7,6.0,6.8,5.5,5.0,4.7,5.1,4.7,4.7,4.7,4.7,4.7,5.0,5.1,5.0,5.1,7.0,7.3,7.3,7.2,5.1,5.6,11.8,4.9,14.6,1.7,1.9,3.5,6.4,8.5,13.7,13.9,14.6,16.0,24.7,28.6,22.2,21.5,29.6,97.3,98.0,97.0,98.5,97.9,96.8,98.5,98.1,97.3,97.1,96.1,97.6,86.4,81.6,87.1,90.6,88.1,89.0,2.6,2.0,2.8,1.4,2.1,3.0,1.5,1.9,2.5,2.7,3.9,2.3,11.7,16.1,11.2,7.9,8.9,8.7,0.1,0.0,0.2,0.1,0.0,0.2,0.0,0.0,0.2,0.2,0.0,0.1,1.9,2.3,1.7,1.5,3.0,2.3,9.0,2.5,11.8,2.8,2.7,2.3,2.3,2.4,11.1,11.6,11.7,12.4,8.2,7.7,9.3,8.8,8.6,1.9,92.0,90.3,94.7,98.3,97.0,98.8,99.1,99.0,97.8,83.0,54.9,1.9,30.2,7.1,5.9,78.9,9.5,6.2,2.8,2.6,71.2,15.0,6.2,2.3,5.3,82.1,7.1,6.3,3.0,1.5,68.6,10.3,11.7,8.3,1.1,45.1,9.1,15.9,0.0,29.9,74.7,11.8,8.8,3.0,1.7,1.1,13.3,76.4,9.2,13.9,37.8,30.3,15.5,1.8,0.7,39.4,24.6,25.7,9.4,0.3,0.6,2.4,41.8,33.1,19.4,2.5,0.8,2.2,32.8,35.2,27.6,1.8,0.4,1.0,16.5,31.0,35.2,15.4,0.9
2021,Urbana,Federal,12.8,11.6,13.8,24.7,22.1,26.0,15.5,20.9,24.1,24.3,24.9,24.1,25.9,26.4,27.6,,29.8,31.5,30.8,29.3,25.2,25.2,6.1,7.0,5.6,5.0,4.7,5.1,4.7,4.7,4.7,4.7,4.7,5.0,5.1,5.0,5.1,6.8,7.1,7.1,7.0,5.1,5.3,11.8,4.9,14.6,1.7,1.8,3.5,6.4,8.6,13.8,13.9,14.5,16.0,25.0,28.5,23.0,21.8,29.5,97.3,97.9,97.0,98.5,97.9,96.8,98.5,98.1,97.3,97.1,96.1,97.6,87.2,82.6,87.9,91.2,89.2,89.8,2.6,2.0,2.8,1.4,2.1,3.0,1.5,1.9,2.5,2.7,3.9,2.3,10.9,15.2,10.5,7.4,8.4,7.8,0.1,0.1,0.2,0.1,0.0,0.2,0.0,0.0,0.2,0.2,0.0,0.1,1.9,2.2,1.6,1.4,2.4,2.4,9.1,2.5,11.8,2.8,2.7,2.3,2.3,2.4,11.2,11.7,11.7,12.5,7.6,7.2,8.5,7.8,9.0,1.8,91.4,89.4,94.4,98.2,96.9,98.8,99.1,98.9,97.6,83.0,53.6,2.0,30.9,7.4,6.1,78.9,9.4,6.2,2.7,2.8,71.2,14.9,6.1,2.3,5.5,82.2,7.1,6.3,2.9,1.5,67.9,10.2,11.9,8.9,1.1,44.8,9.2,16.0,0.0,30.0,74.8,11.5,8.8,3.1,1.8,1.2,12.4,77.1,9.3,13.6,37.9,30.5,15.6,1.7,0.7,39.2,24.9,25.9,9.3,0.3,0.4,2.4,41.9,33.3,19.4,2.3,0.7,2.2,32.0,34.7,28.8,1.9,0.4,1.2,14.6,31.8,35.4,16.1,0.9
2021,Rural,Federal,11.7,10.2,14.0,15.4,15.3,15.5,,12.0,15.0,17.0,17.0,14.0,21.0,15.0,12.0,,30.2,32.5,30.1,28.4,41.4,20.4,4.0,4.0,4.0,4.7,4.7,4.7,,4.7,4.7,4.7,4.7,4.7,4.7,4.7,4.7,8.5,8.6,8.6,8.6,4.7,8.6,7.3,1.6,12.9,,8.3,0.0,0.0,0.0,7.1,14.3,26.7,0.0,23.1,29.4,17.5,19.8,31.0,100.0,100.0,100.0,,100.0,100.0,100.0,100.0,100.0,100.0,100.0,100.0,80.7,76.0,82.0,86.8,71.9,81.0,0.0,0.0,0.0,,0.0,0.0,0.0,0.0,0.0,0.0,0.0,0.0,16.8,21.6,16.1,11.0,15.8,18.0,0.0,0.0,0.0,,0.0,0.0,0.0,0.0,0.0,0.0,0.0,0.0,2.5,2.4,1.9,2.2,12.3,1.0,0.8,1.6,0.0,,0.0,0.0,5.9,0.0,0.0,0.0,0.0,0.0,12.2,10.7,14.4,14.2,1.5,2.1,100.0,100.0,100.0,100.0,100.0,100.0,98.9,99.5,98.7,,85.7,0.0,14.3,0.0,0.0,70.8,15.4,7.7,6.1,0.0,69.7,18.2,12.1,0.0,0.0,71.9,12.5,3.1,12.5,0.0,73.0,11.5,9.9,4.5,1.1,100.0,0.0,0.0,0.0,0.0,73.2,14.4,9.4,2.2,0.8,0.0,19.1,71.9,9.0,33.3,19.0,4.8,28.6,9.5,4.8,41.8,8.3,8.3,33.3,0.0,8.3,14.4,21.4,7.1,35.7,14.3,7.1,2.0,37.2,38.3,20.5,1.6,0.4,0.0,29.3,26.1,33.7,10.9,0.0
2021,Urbana,Estadual,19.0,10.6,19.5,27.5,24.1,29.2,22.9,23.7,24.1,24.8,24.6,28.2,29.3,29.6,29.7,16.9,31.3,31.9,31.5,30.8,20.0,26.8,5.2,8.8,5.1,5.0,4.6,5.1,4.6,4.6,4.6,4.6,4.7,5.1,5.1,5.1,5.1,5.3,5.5,5.3,5.2,4.4,4.5,15.3,5.6,18.9,2.2,2.4,3.8,8.0,10.3,14.0,19.0,21.0,20.9,27.4,26.3,28.9,26.6,49.6,96.5,98.0,95.9,98.6,98.6,97.0,98.2,97.7,96.9,95.5,95.8,95.7,89.9,90.5,88.2,91.3,88.4,87.8,2.1,1.1,2.4,0.3,0.4,2.2,0.8,1.4,2.0,2.8,2.4,2.5,4.4,4.7,5.0,3.2,5.8,4.1,1.4,0.9,1.7,1.1,1.0,0.8,1.0,0.9,1.1,1.7,1.8,1.8,5.7,4.8,6.8,5.5,5.8,8.1,1.8,1.9,1.8,2.3,2.2,1.9,1.8,1.7,1.5,1.8,1.8,1.9,2.3,2.3,2.5,2.0,0.4,1.9,96.6,93.1,96.8,97.4,95.8,97.9,97.7,97.8,98.4,93.2,78.4,2.7,13.0,2.3,3.6,75.5,1.4,17.4,3.0,2.7,86.0,1.2,6.5,1.9,4.4,71.2,1.5,21.9,3.5,1.9,67.5,1.5,25.1,3.7,2.2,49.1,1.3,41.0,4.8,3.8,59.0,1.5,33.9,4.4,1.2,4.1,41.0,47.3,7.6,6.6,12.9,23.1,40.6,10.9,5.9,25.9,26.2,17.3,24.0,4.1,2.5,0.7,8.4,24.3,46.0,13.4,7.2,0.7,7.1,24.6,44.0,15.2,8.4,2.7,17.8,19.3,34.9,17.7,7.6
2021,Total,Estadual,16.6,10.6,17.1,26.5,23.2,28.5,22.0,22.9,23.2,24.0,23.7,27.5,28.6,28.9,28.9,13.7,30.7,31.3,30.9,30.1,20.1,23.9,5.1,7.3,5.0,4.9,4.6,5.1,4.6,4.6,4.6,4.6,4.7,5.1,5.1,5.0,5.0,5.3,5.5,5.3,5.1,4.5,4.5,15.9,6.4,19.4,2.5,2.9,4.6,8.8,11.5,14.6,19.6,21.5,21.3,28.0,26.9,29.6,27.4,49.4,96.4,97.8,95.8,98.6,98.5,96.8,97.9,97.4,96.8,95.4,95.7,95.6,89.8,90.4,88.1,91.2,88.2,87.5,2.1,1.2,2.5,0.4,0.5,2.3,1.0,1.7,2.0,2.9,2.5,2.5,4.4,4.7,5.0,3.3,5.8,4.7,1.5,1.0,1.7,1.0,1.0,0.9,1.1,0.9,1.2,1.7,1.8,1.9,5.8,4.9,6.9,5.5,6.0,7.8,1.9,2.1,1.8,2.4,2.3,2.1,1.9,1.8,1.6,1.8,1.9,1.9,2.3,2.3,2.5,2.0,0.4,2.3,82.4,76.8,82.8,96.2,94.2,96.7,97.3,97.8,97.4,92.7,66.0,2.1,11.2,3.1,17.6,73.3,1.4,18.1,3.1,4.1,84.3,1.2,6.6,2.0,5.9,68.8,1.5,22.8,3.5,3.4,66.0,1.5,26.2,3.8,2.5,46.7,1.3,41.4,4.7,5.9,57.7,1.5,34.6,4.4,1.8,5.5,40.2,45.7,8.6,7.9,12.7,22.9,40.1,10.7,5.7,27.6,24.7,17.4,23.7,4.1,2.5,1.8,8.6,24.0,45.6,13.1,6.9,0.9,7.3,24.4,44.2,15.0,8.2,5.7,18.2,21.2,31.9,16.2,6.8
2021,Urbana,Total,15.4,13.3,17.6,24.2,21.9,27.7,20.4,21.0,21.8,22.9,23.2,27.1,27.9,28.0,27.9,16.8,30.7,31.2,30.9,30.3,21.7,26.3,6.2,7.8,5.0,4.7,4.5,4.9,4.5,4.6,4.5,4.5,4.6,4.9,4.9,4.9,4.9,5.4,5.5,5.4,5.3,4.7,4.7,12.6,6.9,19.3,2.6,3.3,5.3,9.9,12.9,15.8,20.2,21.1,20.0,24.6,23.8,26.0,23.7,42.5,97.0,97.9,96.1,98.9,98.3,97.0,97.5,97.6,96.6,95.4,95.9,96.4,91.0,91.3,89.5,92.4,88.3,88.5,1.9,1.5,2.4,0.5,1.0,2.4,1.7,1.6,2.1,2.8,2.4,2.0,4.2,4.6,4.7,3.0,7.0,4.5,1.1,0.6,1.5,0.6,0.7,0.6,0.8,0.8,1.3,1.8,1.7,1.6,4.8,4.1,5.8,4.6,4.7,7.0,2.4,2.6,2.2,2.9,2.7,2.5,2.4,2.3,2.2,2.2,2.2,2.3,2.5,2.6,2.7,2.2,3.6,2.8,82.1,80.0,84.7,92.5,88.8,95.8,97.3,93.9,95.0,93.9,61.4,1.2,19.5,2.1,15.8,70.2,2.3,16.4,2.4,8.7,73.0,2.5,10.6,1.9,12.0,66.5,2.0,24.3,3.1,4.1,67.9,2.0,23.8,3.8,2.5,36.5,1.0,46.1,4.2,12.2,58.2,1.7,34.2,4.5,1.4,5.8,31.0,50.4,12.8,17.5,17.8,26.9,28.8,5.9,3.1,30.5,19.6,24.1,21.0,3.0,1.8,1.6,13.2,27.7,41.5,10.4,5.6,0.9,9.2,27.3,42.4,13.2,7.0,21.8,33.2,19.5,14.9,7.8,2.8
2021,Total,Total,15.4,13.4,17.2,22.9,21.2,26.6,19.8,20.4,21.0,22.2,22.4,26.1,26.9,26.9,26.6,15.0,30.1,30.8,30.4,29.7,21.9,23.9,6.1,7.7,4.9,4.7,4.5,4.9,4.5,4.5,4.5,4.5,4.6,4.8,4.8,4.8,4.9,5.4,5.5,5.4,5.2,4.9,4.7,13.7,7.7,21.0,2.7,3.5,5.7,11.0,14.7,17.6,22.1,22.7,21.6,25.3,24.4,26.6,24.4,42.2,96.8,97.6,95.7,98.9,98.3,96.8,97.2,97.1,96.2,95.1,95.6,96.1,90.8,91.1,89.3,92.3,87.8,88.0,2.0,1.6,2.5,0.5,1.0,2.5,2.0,2.0,2.3,2.9,2.5,2.1,4.2,4.7,4.7,3.0,7.1,5.2,1.2,0.8,1.8,0.6,0.7,0.7,0.8,0.9,1.5,2.0,1.9,1.8,5.0,4.2,6.0,4.7,5.1,6.8,2.3,2.4,2.2,2.8,2.6,2.4,2.3,2.2,2.1,2.2,2.2,2.3,2.6,2.6,2.8,2.3,3.5,2.9,81.0,79.3,82.9,90.4,87.2,93.1,97.0,94.0,89.8,93.8,60.7,1.3,19.2,2.1,16.7,65.5,2.1,18.9,2.4,11.1,71.2,2.4,10.7,1.8,13.9,58.5,1.7,28.8,3.1,7.9,66.6,1.9,24.8,3.9,2.8,29.1,0.8,43.4,3.6,23.1,56.9,1.6,34.8,4.5,2.2,8.9,31.0,45.9,14.2,20.5,17.9,26.0,27.4,5.4,2.8,32.9,18.3,23.5,20.7,2.9,1.7,5.1,14.7,26.7,39.2,9.4,4.9,1.0,9.6,27.2,42.4,13.0,6.8,26.2,30.6,19.6,12.9,8.3,2.4
2021,Urbana,Publica,17.9,15.3,20.1,26.0,23.9,29.0,22.5,23.1,23.8,25.0,25.1,28.4,29.2,29.2,29.0,17.8,31.3,31.9,31.5,30.7,21.8,26.5,6.0,7.7,4.9,4.7,4.6,4.9,4.5,4.6,4.5,4.5,4.6,4.9,4.9,4.9,4.9,5.4,5.5,5.4,5.2,4.7,4.6,14.5,7.7,22.2,2.1,3.3,5.7,11.3,15.1,18.3,23.3,24.1,22.8,27.3,26.3,28.7,26.4,42.1,96.6,97.5,95.5,98.9,98.1,96.5,97.1,97.2,96.1,94.8,95.4,95.9,89.9,90.3,88.2,91.3,88.5,88.1,2.1,1.6,2.6,0.4,1.1,2.8,1.9,1.9,2.4,3.1,2.6,2.2,4.6,5.0,5.2,3.3,6.8,4.7,1.3,0.9,1.9,0.7,0.8,0.7,1.0,0.9,1.5,2.1,2.0,1.9,5.5,4.7,6.6,5.4,4.7,7.2,1.9,1.9,1.9,2.2,2.1,1.9,1.8,1.7,1.8,1.9,2.0,2.0,2.4,2.5,2.7,2.2,3.7,1.9,86.9,83.8,90.4,95.2,93.0,97.1,97.8,98.2,95.1,92.8,66.5,1.3,19.3,1.9,11.0,73.0,2.0,17.2,2.5,5.3,78.0,2.2,10.6,1.9,7.3,67.0,1.7,25.2,3.2,2.9,67.6,1.8,24.6,3.9,2.1,37.7,1.0,44.8,4.1,12.4,59.0,1.6,33.8,4.4,1.2,5.6,34.1,50.2,10.1,15.1,18.0,25.7,30.7,6.8,3.7,28.2,22.2,23.2,21.5,3.0,1.9,0.9,11.9,26.4,42.8,11.6,6.4,0.7,8.7,25.2,43.1,14.4,7.9,15.4,36.6,19.1,13.7,11.2,4.0
2021,Total,Publica,17.5,15.3,19.1,24.0,22.7,27.5,21.3,22.0,22.5,23.8,23.7,27.0,27.8,27.7,27.4,15.1,30.6,31.3,30.9,30.0,22.0,24.0,5.8,7.5,4.8,4.7,4.5,4.8,4.5,4.5,4.5,4.5,4.6,4.8,4.8,4.8,4.9,5.4,5.5,5.4,5.2,4.7,4.6,15.6,8.5,23.8,2.3,3.5,6.2,12.4,16.8,20.1,25.0,25.6,24.3,27.9,26.9,29.3,27.2,41.9,96.3,97.3,95.2,98.9,98.2,96.3,96.8,96.7,95.7,94.5,95.1,95.6,89.8,90.2,88.1,91.2,88.1,87.7,2.2,1.8,2.7,0.4,1.1,2.9,2.2,2.3,2.6,3.2,2.7,2.2,4.6,5.1,5.2,3.4,7.0,5.3,1.5,0.9,2.1,0.7,0.7,0.8,1.0,1.0,1.7,2.3,2.2,2.2,5.6,4.7,6.7,5.4,4.9,7.0,1.9,1.9,1.9,2.2,2.1,1.9,1.7,1.7,1.8,1.9,2.0,2.0,2.5,2.5,2.7,2.2,3.6,2.2,84.8,82.5,87.0,92.0,90.2,93.5,97.4,98.1,89.7,92.6,64.9,1.3,19.0,1.9,12.9,66.5,1.8,20.1,2.5,9.1,74.8,2.2,10.9,1.9,10.2,57.3,1.4,30.4,3.2,7.7,66.1,1.8,25.7,3.9,2.5,29.5,0.8,42.3,3.6,23.8,57.7,1.6,34.5,4.4,1.8,9.6,32.9,44.7,12.8,19.2,18.0,24.8,28.7,6.1,3.2,31.6,20.0,22.6,21.1,2.9,1.8,5.3,14.0,25.5,39.7,10.1,5.4,0.9,9.1,25.2,43.1,14.1,7.6,23.5,31.8,19.4,11.6,10.6,3.1
2021,Urbana,Municipal,17.9,15.3,20.1,25.3,23.9,28.8,22.4,23.0,23.8,25.0,25.2,28.7,29.1,28.8,28.3,18.3,29.7,29.8,30.5,29.3,24.6,7.0,6.0,7.7,4.9,4.6,4.5,4.6,4.5,4.5,4.5,4.5,4.6,4.6,4.6,4.6,4.7,4.9,5.0,5.0,4.9,4.3,3.0,14.1,8.1,25.8,2.1,3.5,6.1,12.1,16.1,22.4,27.6,27.7,25.3,18.8,18.8,18.7,16.8,52.2,96.7,97.5,95.1,98.9,98.0,96.4,96.9,97.1,95.4,94.2,94.9,96.2,94.4,94.5,93.7,95.9,80.5,100.0,2.1,1.8,2.7,0.4,1.3,2.9,2.2,2.0,2.7,3.4,2.8,1.9,3.1,3.2,3.8,2.0,8.4,0.0,1.2,0.7,2.2,0.7,0.7,0.7,0.9,0.9,1.9,2.4,2.3,1.9,2.5,2.3,2.5,2.1,11.1,0.0,2.0,1.9,2.0,2.2,2.1,1.9,1.8,1.6,1.9,2.1,2.1,2.1,1.7,1.8,1.7,1.3,4.3,0.0,86.9,83.7,90.3,93.6,92.4,96.0,98.1,96.8,88.7,93.0,66.4,1.3,19.3,1.9,11.1,71.8,2.2,17.1,2.2,6.7,76.3,2.4,11.5,1.9,7.9,62.3,1.8,28.9,2.9,4.1,73.0,3.2,20.3,2.0,1.5,32.9,0.9,46.4,3.9,15.9,49.6,1.3,44.4,3.5,1.2,6.3,31.4,51.2,11.1,19.5,20.0,26.3,25.8,5.1,3.3,28.1,20.9,24.7,21.6,2.8,1.9,1.1,15.3,27.0,39.2,10.6,6.8,0.3,9.5,22.9,42.2,15.6,9.5,20.8,44.5,18.9,4.8,8.5,2.5
2021,Total,Municipal,17.5,15.3,19.1,23.1,22.6,26.6,21.2,21.8,22.4,23.7,23.7,26.6,27.2,26.7,25.9,15.3,28.4,28.5,29.1,27.8,24.5,7.0,5.9,7.5,4.8,4.6,4.5,4.6,4.5,4.5,4.5,4.5,4.5,4.6,4.6,4.6,4.7,4.9,4.9,4.9,4.8,4.3,3.0,15.4,8.9,27.8,2.3,3.6,6.4,13.1,17.8,24.4,29.7,29.6,27.5,21.6,22.1,21.1,19.5,53.2,96.3,97.2,94.7,98.9,98.1,96.2,96.6,96.5,94.9,93.7,94.5,95.7,93.7,93.6,92.9,95.4,81.7,100.0,2.2,1.9,2.9,0.4,1.2,3.0,2.4,2.4,3.0,3.5,2.9,1.9,3.4,3.6,4.0,2.1,7.9,0.0,1.5,0.9,2.4,0.7,0.7,0.8,1.0,1.1,2.1,2.8,2.6,2.4,2.9,2.8,3.1,2.5,10.4,0.0,1.9,1.9,2.0,2.1,2.0,1.9,1.7,1.6,1.9,2.0,2.0,2.1,1.7,1.8,1.9,1.3,4.2,0.0,84.8,82.5,87.0,89.7,89.4,90.2,95.2,96.0,78.8,92.9,64.9,1.3,19.0,1.9,12.9,63.7,2.0,21.0,2.2,11.1,73.0,2.4,11.7,1.8,11.1,48.5,1.3,36.3,2.9,11.0,67.7,2.8,23.2,2.1,4.2,24.2,0.6,42.6,3.2,29.4,46.3,1.2,44.4,3.8,4.3,10.8,31.0,44.2,14.0,24.0,19.7,24.9,24.1,4.5,2.8,31.9,18.7,23.9,21.1,2.7,1.7,8.4,17.9,25.1,35.0,8.4,5.2,0.3,9.1,24.2,43.2,14.4,8.8,28.6,35.7,18.8,5.8,9.0,2.1
2021,Rural,Estadual,10.2,10.7,10.1,16.0,13.6,18.8,12.4,13.3,13.2,14.4,14.4,17.9,19.3,19.1,18.8,12.5,22.5,23.6,23.2,21.5,23.4,16.4,4.7,5.1,4.6,4.6,4.5,4.7,4.6,4.5,4.5,4.5,4.5,4.7,4.7,4.7,4.7,4.8,4.9,4.8,4.7,6.6,4.3,25.2,17.1,29.4,7.4,10.7,15.2,20.6,27.5,25.5,30.0,31.0,30.6,39.5,37.0,40.7,40.9,44.8,94.6,95.5,94.2,98.3,97.4,94.4,94.7,93.5,95.3,93.6,94.2,93.8,88.4,88.7,86.8,90.0,84.0,86.0,3.3,3.4,3.2,0.8,1.5,4.6,4.1,5.1,2.8,3.8,2.9,3.3,4.5,4.9,4.8,3.3,5.1,7.5,2.1,1.1,2.6,0.9,1.1,1.0,1.2,1.4,1.9,2.6,2.9,2.9,7.1,6.4,8.4,6.7,10.9,6.5,2.9,3.6,2.5,3.7,3.9,3.7,3.4,3.6,2.4,2.4,2.5,2.5,2.5,2.5,2.8,2.2,0.4,3.8,45.0,46.6,44.7,83.7,76.7,85.2,92.3,96.7,86.0,62.5,31.8,0.5,6.3,5.4,56.0,50.4,0.8,25.3,3.5,20.0,64.8,0.5,7.5,2.9,24.3,45.2,0.9,31.8,3.8,18.3,46.8,0.8,40.4,4.5,7.5,30.8,0.9,43.9,4.0,20.4,38.8,1.0,44.4,4.2,11.6,12.3,35.9,37.9,13.9,18.4,8.6,17.7,37.7,10.8,6.8,42.0,6.8,19.1,22.8,5.6,3.7,11.0,8.6,17.6,42.4,12.6,7.8,3.7,7.9,18.2,43.9,16.1,10.2,19.8,20.1,30.0,18.2,9.4,2.5
2021,Rural,Total,14.8,14.9,14.6,17.1,16.4,20.2,15.2,15.8,15.8,17.6,17.3,20.2,21.1,20.3,19.3,14.9,23.0,24.2,23.6,21.9,25.7,16.7,4.8,5.7,4.4,4.5,4.4,4.6,4.4,4.5,4.4,4.4,4.5,4.6,4.6,4.6,4.6,5.2,5.3,5.2,5.1,7.8,4.7,21.0,12.2,33.9,3.1,4.5,8.4,17.4,24.7,30.5,35.6,35.1,34.2,37.7,36.1,38.4,38.7,37.7,95.0,96.3,93.2,98.9,98.2,95.5,95.2,94.2,93.4,92.4,93.3,93.9,87.9,87.8,86.6,89.9,81.2,85.6,2.9,2.6,3.3,0.3,1.0,3.5,3.5,4.3,3.7,3.9,3.0,2.3,5.3,6.0,5.4,3.7,8.6,8.3,2.1,1.1,3.5,0.8,0.8,1.0,1.3,1.5,2.9,3.7,3.7,3.8,6.8,6.2,8.0,6.4,10.2,6.1,1.9,1.8,1.9,2.0,1.9,1.8,1.7,1.7,1.7,1.9,2.0,2.2,3.3,3.1,3.7,3.1,1.0,3.7,71.2,68.0,72.6,79.3,76.9,81.2,92.5,97.4,64.9,90.0,53.3,1.6,16.4,1.7,27.0,42.9,1.2,30.5,2.5,22.9,60.2,2.0,11.9,1.7,24.2,28.9,0.6,45.7,3.1,21.7,48.1,1.4,38.5,4.6,7.4,10.8,0.2,36.5,2.3,50.2,38.6,1.2,43.7,4.4,12.1,15.8,30.8,35.9,17.5,31.8,15.7,20.2,24.9,4.7,2.7,44.5,8.9,21.5,20.7,2.8,1.6,18.3,18.4,20.3,32.4,6.8,3.8,3.5,11.7,20.8,41.0,14.2,8.8,36.6,24.3,19.7,8.3,9.5,1.6
2021,Rural,Publica,14.9,15.0,14.6,17.1,16.4,20.2,15.2,15.9,15.8,17.6,17.3,20.2,21.1,20.3,19.2,14.9,22.9,24.2,23.5,21.8,29.6,16.7,4.8,5.6,4.4,4.5,4.4,4.6,4.4,4.5,4.4,4.4,4.5,4.6,4.5,4.5,4.6,5.1,5.2,5.1,5.0,5.7,4.6,21.2,12.3,34.1,3.1,4.5,8.4,17.5,24.9,30.8,35.9,35.3,34.4,38.2,36.5,39.1,39.3,38.7,95.0,96.3,93.2,98.9,98.2,95.4,95.2,94.1,93.4,92.4,93.3,93.9,87.8,87.7,86.5,89.8,78.7,85.6,2.9,2.6,3.3,0.3,1.0,3.5,3.6,4.3,3.8,3.9,3.0,2.3,5.3,6.2,5.5,3.8,10.1,8.4,2.1,1.1,3.5,0.8,0.8,1.1,1.2,1.6,2.8,3.7,3.7,3.8,6.9,6.1,8.0,6.4,11.2,6.0,1.8,1.8,1.9,1.9,1.8,1.8,1.6,1.7,1.7,1.9,2.0,2.2,3.3,3.1,3.6,3.1,1.0,3.7,71.5,68.2,73.0,79.4,77.1,81.2,92.7,97.9,64.9,82.7,53.5,1.7,16.5,1.7,26.6,42.8,1.2,30.7,2.5,22.8,60.4,2.0,11.9,1.7,24.0,28.7,0.6,45.8,3.1,21.8,48.1,1.4,38.8,4.4,7.3,10.8,0.2,36.5,2.3,50.2,38.7,1.2,43.8,4.3,12.0,15.9,30.9,35.8,17.4,31.7,15.7,20.1,25.0,4.8,2.7,44.6,8.8,21.5,20.7,2.8,1.6,18.5,18.4,20.1,32.4,6.8,3.8,3.5,10.9,20.4,41.6,14.5,9.1,36.6,24.2,19.8,8.3,9.6,1.5
2021,Rural,Municipal,14.9,15.1,14.7,17.3,16.6,20.6,15.5,16.1,16.1,17.9,17.5,20.7,21.5,20.5,19.3,15.1,20.6,21.9,20.8,19.0,24.0,,4.8,5.6,4.4,4.5,4.4,4.5,4.4,4.4,4.4,4.4,4.5,4.6,4.5,4.5,4.6,4.5,4.5,4.6,4.4,4.1,,20.7,12.0,35.1,2.8,4.1,7.9,17.3,24.7,31.7,37.0,36.3,35.3,44.4,45.7,42.3,44.0,68.8,95.1,96.3,93.0,98.9,98.3,95.5,95.2,94.2,93.0,92.1,93.0,93.9,87.7,86.7,86.1,90.5,100.0,,2.9,2.6,3.3,0.3,0.9,3.5,3.5,4.3,3.9,4.0,3.1,2.1,5.1,6.4,5.9,2.5,0.0,,2.0,1.1,3.7,0.8,0.8,1.0,1.3,1.5,3.1,3.9,3.9,4.0,7.2,6.9,8.0,7.0,0.0,,1.7,1.6,1.8,1.8,1.7,1.6,1.5,1.5,1.6,1.7,1.9,2.1,2.3,2.2,3.2,1.5,2.1,,71.9,68.4,73.5,78.6,77.1,80.1,81.7,83.9,56.7,89.1,53.8,1.7,16.7,1.6,26.2,41.8,1.3,31.4,2.3,23.2,60.1,2.1,12.2,1.6,24.0,25.6,0.5,48.4,3.0,22.5,37.6,0.5,40.0,2.4,19.5,8.5,0.2,35.7,2.1,53.5,19.4,0.3,43.8,5.9,30.6,16.3,30.4,35.5,17.8,33.9,16.9,20.5,22.8,3.8,2.1,44.7,9.0,21.7,20.5,2.6,1.5,20.3,20.7,20.7,30.0,5.4,2.9,0.3,7.4,29.9,47.7,9.1,5.6,38.5,24.6,18.7,7.2,9.7,1.3
2023,Rural,Federal,11.8,9.3,16.8,,,,,,,,,,,,,,30.5,34.0,30.3,27.8,25.3,26.7,4.0,4.0,4.1,,,,,,,,,,,,,8.6,8.7,8.6,8.6,5.9,8.3,,,,,,,,,,,,,20.1,17.9,19.5,24.2,18.5,,,,,,,,,,,,,91.3,87.5,92.3,95.3,87.0,94.0,,,,,,,,,,,,,7.7,11.3,6.9,4.0,12.2,4.3,,,,,,,,,,,,,1.0,1.2,0.8,0.7,0.8,1.7,,,,,,,,,,,,,1.7,2.5,1.4,0.7,0.2,2.3,100.0,100.0,100.0,,,,99.1,99.3,98.9,,86.7,0.0,13.3,0.0,0.0,,,,,,,,,,,,,,,,79.1,7.4,8.6,3.7,1.2,100.0,0.0,0.0,0.0,0.0,86.7,6.3,5.3,1.0,0.7,0.0,7.8,77.8,14.4,,,,,,,,,,,,,,,,,,,2.4,37.6,38.2,20.3,1.1,0.4,0.0,20.2,29.8,37.2,12.8,0.0
2023,Total,Federal,13.1,11.1,15.4,26.5,22.5,28.5,19.0,22.4,23.9,23.2,24.2,28.0,28.7,28.6,28.5,,30.4,34.7,30.3,27.9,23.8,27.5,6.2,6.8,5.8,5.1,4.8,5.3,4.9,4.8,4.8,4.8,4.9,5.3,5.2,5.3,5.3,7.4,7.6,7.6,7.5,5.4,6.1,10.6,4.3,13.1,1.4,3.4,5.5,4.3,6.2,12.7,12.3,12.8,14.6,19.9,16.7,18.8,24.0,28.7,96.5,98.2,95.9,98.6,97.6,97.8,98.3,98.7,97.0,96.1,95.4,95.1,90.3,87.3,90.9,93.8,91.2,89.3,3.4,1.7,4.0,1.1,2.4,2.2,1.6,1.3,3.0,3.8,4.5,4.8,8.3,11.3,8.1,5.0,6.8,7.5,0.1,0.1,0.1,0.3,0.0,0.0,0.1,0.0,0.0,0.1,0.1,0.1,1.4,1.4,1.0,1.2,2.0,3.2,3.7,4.5,3.4,4.2,3.6,4.9,5.0,4.7,2.4,3.1,3.9,4.1,1.7,2.6,1.7,1.1,0.3,1.0,89.7,87.2,92.5,98.4,97.3,98.7,99.1,99.1,98.8,85.5,61.3,1.6,24.6,5.5,7.0,87.3,4.4,4.9,1.1,2.3,84.0,6.9,4.7,0.9,3.5,88.7,3.4,5.0,1.2,1.7,65.5,6.2,16.5,10.3,1.5,70.6,4.3,19.3,4.8,1.0,78.2,7.7,9.4,3.7,1.0,0.6,7.9,75.7,15.8,12.2,39.2,30.5,15.5,1.9,0.7,36.4,23.8,31.0,7.1,1.0,0.7,1.5,43.4,32.4,19.7,2.2,0.8,2.4,32.7,35.2,27.5,1.7,0.5,1.4,13.6,31.3,37.1,15.7,0.9
2023,Urbana,Federal,13.2,11.3,15.3,26.5,22.5,28.5,19.0,22.4,23.9,23.2,24.2,28.0,28.7,28.6,28.5,,30.3,34.9,30.3,27.9,23.7,27.6,6.3,7.0,5.9,5.1,4.8,5.3,4.9,4.8,4.8,4.8,4.9,5.3,5.2,5.3,5.3,7.2,7.4,7.5,7.3,5.3,5.8,10.6,4.3,13.1,1.4,3.4,5.5,4.3,6.2,12.7,12.3,12.8,14.6,19.9,16.5,18.7,23.9,29.3,96.5,98.2,95.9,98.6,97.6,97.8,98.3,98.7,97.0,96.1,95.4,95.1,90.1,87.3,90.6,93.6,91.5,88.6,3.4,1.7,4.0,1.1,2.4,2.2,1.6,1.3,3.0,3.8,4.5,4.8,8.4,11.3,8.3,5.2,6.4,8.0,0.1,0.1,0.1,0.3,0.0,0.0,0.1,0.0,0.0,0.1,0.1,0.1,1.5,1.4,1.1,1.2,2.1,3.4,3.7,4.5,3.4,4.2,3.6,4.9,5.0,4.7,2.4,3.1,3.9,4.1,1.7,2.6,1.7,1.1,0.4,0.8,89.2,86.2,92.3,98.4,97.3,98.7,99.1,99.0,98.8,85.5,60.6,1.6,24.9,5.7,7.2,87.3,4.4,4.9,1.1,2.3,84.0,6.9,4.7,0.9,3.5,88.7,3.4,5.0,1.2,1.7,63.7,6.0,17.5,11.2,1.6,70.4,4.3,19.4,4.8,1.1,77.5,7.8,9.8,3.9,1.0,0.7,7.9,75.3,16.1,12.2,39.2,30.5,15.5,1.9,0.7,36.4,23.8,31.0,7.1,1.0,0.7,1.5,43.4,32.4,19.7,2.2,0.8,2.3,31.8,34.8,28.7,1.9,0.5,1.6,12.6,31.5,37.1,16.2,1.0
2023,Total,Privada,12.5,11.4,14.0,19.0,17.0,23.1,15.6,17.1,17.4,17.4,17.9,22.7,22.9,23.2,23.5,11.6,27.0,27.5,26.7,27.0,20.6,24.3,6.5,7.6,5.1,4.8,4.6,5.0,4.6,4.6,4.6,4.6,4.6,5.0,5.0,5.0,5.1,5.8,5.8,5.8,5.8,8.5,3.2,4.7,4.6,4.9,3.7,4.6,5.4,4.8,4.5,4.8,4.8,5.1,5.0,5.7,6.6,5.3,4.9,43.3,98.9,99.3,98.4,99.2,99.4,99.2,99.4,99.3,98.6,98.4,98.4,98.2,97.1,96.1,97.7,98.9,91.2,81.3,1.0,0.6,1.5,0.6,0.5,0.7,0.6,0.7,1.3,1.5,1.6,1.7,2.3,3.7,2.1,0.9,4.8,1.9,0.1,0.1,0.1,0.2,0.1,0.1,0.0,0.0,0.1,0.1,0.0,0.1,0.6,0.2,0.2,0.2,4.0,16.8,4.0,4.5,3.3,5.1,4.8,4.5,4.0,4.2,3.4,3.3,3.1,3.3,3.0,3.1,3.0,2.2,1.1,9.1,71.1,72.5,70.7,83.9,77.8,90.9,94.6,88.6,93.0,94.9,51.6,0.7,20.5,1.8,25.4,64.6,1.7,13.7,1.4,18.6,63.8,1.6,9.4,1.3,23.9,65.9,1.9,21.4,1.7,9.1,70.6,1.9,20.5,2.2,4.8,28.6,1.4,60.5,2.9,6.6,47.7,2.4,40.7,4.4,4.8,7.8,27.1,48.1,17.0,21.1,15.0,29.3,27.0,5.0,2.6,31.9,12.6,28.6,21.9,3.4,1.6,3.3,14.6,27.6,41.2,8.8,4.5,1.5,10.1,30.7,41.7,10.6,5.4,34.1,27.2,19.8,18.1,0.6,0.2
2023,Urbana,Privada,12.5,11.4,14.0,19.1,17.0,23.1,15.6,17.1,17.4,17.4,17.9,22.7,23.0,23.2,23.5,11.6,27.1,27.5,26.8,27.1,21.1,24.4,6.5,7.6,5.1,4.8,4.6,5.0,4.6,4.6,4.6,4.6,4.6,5.0,5.0,5.0,5.1,5.7,5.7,5.8,5.7,4.0,3.2,4.7,4.6,4.9,3.7,4.6,5.4,4.8,4.5,4.8,4.8,5.0,4.9,5.5,6.3,5.0,4.7,62.4,99.0,99.3,98.4,99.2,99.4,99.3,99.4,99.3,98.6,98.5,98.4,98.2,97.2,96.1,97.7,99.0,86.9,81.2,1.0,0.6,1.5,0.6,0.5,0.7,0.6,0.7,1.3,1.5,1.6,1.7,2.3,3.7,2.1,0.9,7.2,1.9,0.0,0.1,0.1,0.2,0.1,0.0,0.0,0.0,0.1,0.0,0.0,0.1,0.5,0.2,0.2,0.1,5.9,16.9,4.0,4.5,3.3,5.1,4.8,4.5,4.0,4.1,3.4,3.3,3.1,3.3,2.9,3.0,3.0,2.2,0.1,9.1,71.2,72.6,70.8,84.0,77.9,90.9,94.8,88.6,93.2,94.8,51.7,0.7,20.5,1.8,25.3,64.7,1.7,13.7,1.4,18.5,63.9,1.6,9.4,1.3,23.8,66.1,1.9,21.4,1.7,8.9,71.0,1.9,20.3,2.1,4.7,28.6,1.4,60.4,2.9,6.7,47.8,2.4,40.7,4.4,4.7,7.8,27.1,48.2,16.9,21.1,14.9,29.3,27.1,5.0,2.6,31.9,12.6,28.6,21.9,3.4,1.6,3.4,14.5,27.5,41.3,8.8,4.5,1.4,9.7,30.7,42.0,10.7,5.5,34.1,26.9,19.9,18.2,0.6,0.3
2023,Rural,Privada,13.7,13.3,14.2,17.3,15.5,21.3,13.7,15.7,16.0,15.7,16.8,20.6,20.9,21.6,22.0,10.1,24.1,27.5,23.6,21.4,20.0,13.0,5.8,6.6,4.9,5.4,4.6,6.4,4.5,4.6,4.7,4.7,4.7,6.0,6.3,6.5,6.8,9.7,9.9,9.3,8.9,13.3,14.6,8.3,6.3,11.3,3.6,6.2,6.8,7.5,7.7,10.1,10.4,11.8,12.8,21.8,23.2,21.2,19.9,23.0,97.4,98.2,96.4,98.2,98.9,97.6,98.4,97.7,96.4,95.9,96.7,96.5,93.7,92.0,94.7,94.7,95.8,98.9,2.3,1.7,3.1,1.5,1.1,2.3,1.5,2.3,3.2,3.7,2.8,2.7,3.2,4.0,3.0,2.2,2.1,0.0,0.3,0.1,0.5,0.3,0.0,0.1,0.1,0.0,0.4,0.4,0.5,0.8,3.1,4.0,2.3,3.1,2.1,1.1,5.5,5.4,5.8,5.5,6.0,4.8,5.1,5.3,5.3,5.7,6.2,5.9,5.5,6.7,5.4,4.3,2.2,1.1,62.0,63.5,60.6,74.8,67.2,82.8,86.5,89.5,84.3,98.5,47.8,0.9,13.1,1.0,37.2,54.6,1.4,14.3,1.7,28.0,54.8,1.1,8.0,0.9,35.2,54.3,1.7,25.0,3.1,15.9,49.6,1.7,31.7,6.1,10.9,29.3,0.0,65.4,0.1,5.2,35.7,2.8,44.8,9.1,7.6,7.0,27.3,46.8,18.9,23.5,16.8,30.2,23.8,3.6,2.1,37.4,13.2,27.5,18.3,2.0,1.6,6.0,17.7,33.5,34.2,5.7,2.9,2.9,27.1,32.6,28.5,6.3,2.6,35.1,43.6,14.9,6.3,0.0,0.1
2023,Urbana,Estadual,19.4,12.0,19.9,27.4,24.0,28.9,22.6,24.0,24.1,24.2,24.7,28.4,29.0,29.2,28.9,16.9,29.8,31.5,29.3,28.2,20.2,29.6,5.3,8.6,5.1,5.3,5.0,5.5,4.9,4.9,5.0,5.0,5.0,5.5,5.5,5.4,5.4,5.7,5.9,5.7,5.4,4.3,4.4,12.8,6.0,15.1,2.6,4.5,6.7,6.7,8.7,13.1,14.6,16.3,16.3,21.0,24.3,20.5,16.6,25.5,95.5,97.8,94.8,99.1,98.6,96.4,98.2,96.9,95.2,95.1,94.6,94.2,90.4,87.7,90.5,93.7,95.0,91.6,3.6,1.9,4.2,0.4,1.1,3.2,1.5,2.7,4.1,4.1,4.2,4.3,5.8,8.1,5.5,3.1,2.7,3.6,0.9,0.3,1.0,0.5,0.3,0.4,0.3,0.4,0.7,0.8,1.2,1.5,3.8,4.2,4.0,3.2,2.3,4.8,1.6,1.2,1.8,1.5,1.3,1.2,1.0,1.1,1.4,1.6,2.0,2.1,2.7,3.0,2.8,1.8,1.2,5.0,95.1,90.1,95.7,97.3,96.5,97.5,97.0,95.6,96.8,92.4,84.8,1.1,8.3,1.1,4.7,76.6,1.1,17.9,1.8,2.6,86.8,0.8,7.3,1.4,3.7,72.6,1.3,21.9,2.0,2.2,69.4,1.4,24.1,2.4,2.7,54.7,1.2,37.2,3.1,3.8,60.2,1.1,33.4,2.7,2.6,6.5,38.7,47.3,7.5,6.3,13.3,26.9,39.0,10.1,4.4,25.9,25.3,19.1,24.1,3.7,1.9,0.6,9.5,28.4,44.0,12.2,5.3,0.9,7.8,28.4,42.7,13.8,6.4,3.1,18.8,19.4,34.2,17.1,7.4
2023,Total,Estadual,16.7,10.4,17.5,26.2,23.0,28.1,21.6,23.0,23.1,23.3,23.6,27.6,28.2,28.4,28.2,13.1,29.0,30.8,28.6,27.3,20.2,27.9,5.2,6.9,5.1,5.3,5.0,5.4,4.9,4.9,5.0,5.0,5.0,5.5,5.4,5.4,5.4,5.7,5.9,5.7,5.4,4.4,4.4,13.3,6.8,15.6,3.0,5.1,7.4,7.6,9.8,13.6,15.1,16.8,16.8,21.6,24.9,21.2,17.4,26.5,95.4,97.5,94.7,99.0,98.4,96.1,97.8,96.5,95.1,95.0,94.5,94.1,90.5,88.0,90.7,93.7,94.6,91.5,3.6,2.1,4.2,0.5,1.2,3.5,1.8,3.0,4.2,4.1,4.2,4.3,5.7,7.9,5.4,3.1,2.7,3.5,1.0,0.4,1.1,0.5,0.4,0.4,0.4,0.5,0.7,0.9,1.3,1.6,3.8,4.1,3.9,3.2,2.7,5.0,1.7,1.2,1.8,1.5,1.3,1.2,1.1,1.1,1.4,1.6,2.0,2.1,2.7,3.0,2.8,1.8,1.3,5.0,79.5,66.3,81.3,95.9,94.4,96.3,96.5,95.7,95.8,92.0,68.9,0.8,7.7,2.0,20.6,74.1,1.1,18.6,1.9,4.3,84.9,0.7,7.2,1.5,5.7,70.0,1.2,23.0,2.1,3.7,67.8,1.4,25.3,2.5,3.0,50.7,1.1,38.4,3.1,6.7,58.4,1.1,34.5,2.7,3.3,7.2,38.4,45.3,9.1,7.7,13.1,26.5,38.6,9.9,4.2,27.9,23.7,19.0,23.8,3.8,1.8,1.6,9.6,28.0,43.7,12.0,5.1,1.1,8.1,28.1,42.9,13.6,6.2,5.9,18.8,21.4,31.5,15.9,6.5
2023,Urbana,Total,15.9,13.8,18.1,23.8,21.7,27.2,20.1,21.3,22.0,22.3,22.9,26.9,27.3,27.3,27.2,17.2,29.4,31.0,29.0,28.0,21.5,28.7,6.3,7.7,5.1,5.1,4.9,5.3,4.8,4.9,4.9,4.9,5.0,5.3,5.3,5.3,5.4,5.7,5.9,5.7,5.5,4.7,4.3,10.9,7.0,15.6,3.0,5.1,7.9,8.7,10.2,14.5,15.8,16.5,15.5,18.8,21.8,18.4,15.0,28.5,96.2,97.6,94.5,99.1,98.4,96.2,97.3,97.1,94.1,94.2,94.4,95.2,91.3,88.8,91.5,94.5,93.3,90.0,3.2,2.2,4.5,0.6,1.4,3.6,2.5,2.6,5.2,4.9,4.5,3.6,5.4,7.6,5.1,2.8,4.3,3.8,0.6,0.2,1.0,0.3,0.2,0.2,0.2,0.3,0.7,0.9,1.1,1.2,3.3,3.6,3.4,2.7,2.4,6.2,2.1,2.1,2.2,2.5,2.3,2.1,1.9,1.9,2.0,2.1,2.3,2.3,2.7,3.0,2.8,1.9,0.8,5.2,82.4,80.5,84.8,92.3,89.2,95.3,96.6,92.5,93.7,94.5,63.8,0.6,18.2,1.7,15.7,73.0,1.3,15.4,1.7,8.6,76.3,1.2,9.2,1.5,11.8,68.4,1.4,24.0,1.8,4.4,69.5,1.7,23.2,2.7,2.9,36.4,0.8,46.6,2.6,13.6,59.0,1.3,34.1,2.8,2.8,6.6,32.2,49.4,11.8,17.7,17.7,28.2,28.4,5.5,2.5,30.3,18.8,25.0,21.4,2.9,1.6,1.7,13.9,29.4,40.8,9.7,4.5,1.1,9.7,29.8,41.9,12.1,5.4,21.8,34.0,19.4,14.9,7.3,2.6
2023,Total,Total,15.7,13.9,17.6,22.5,21.0,26.0,19.4,20.7,21.3,21.6,22.0,25.9,26.1,26.1,25.9,14.4,28.7,30.4,28.4,27.3,21.5,27.4,6.1,7.5,5.0,5.1,4.9,5.3,4.8,4.9,4.9,5.0,5.0,5.3,5.3,5.2,5.4,5.7,5.9,5.7,5.5,5.0,4.5,11.7,7.5,17.0,3.1,5.1,8.2,9.4,11.5,15.8,17.2,17.9,16.9,19.5,22.4,19.1,15.8,28.8,95.8,97.2,94.0,99.0,98.4,95.8,96.8,96.3,93.4,93.7,93.9,95.0,91.3,88.9,91.6,94.5,93.1,90.1,3.5,2.5,4.8,0.6,1.4,4.0,2.9,3.3,5.7,5.2,4.7,3.6,5.3,7.5,5.0,2.8,4.4,3.7,0.7,0.3,1.2,0.4,0.2,0.2,0.3,0.4,0.9,1.1,1.4,1.4,3.4,3.6,3.4,2.7,2.5,6.2,2.1,2.1,2.2,2.4,2.2,2.0,1.8,1.8,2.0,2.1,2.3,2.3,2.7,3.0,2.8,1.9,0.9,5.2,81.3,79.8,83.1,90.4,87.8,92.8,96.3,92.2,87.7,94.4,63.3,0.7,17.9,1.7,16.4,68.4,1.2,17.9,1.7,10.8,74.9,1.2,9.3,1.6,13.0,60.4,1.2,28.7,1.9,7.8,68.2,1.6,24.2,2.7,3.3,27.4,0.5,43.4,2.3,26.4,57.4,1.3,35.1,2.8,3.4,8.7,31.8,45.7,13.8,20.6,17.7,27.2,27.1,5.1,2.3,32.7,17.5,24.4,21.1,2.8,1.5,5.4,15.2,28.3,38.5,8.7,3.9,1.2,10.1,29.6,41.9,11.9,5.3,25.3,31.0,19.6,13.5,8.5,2.1
2023,Urbana,Publica,18.0,15.7,20.0,25.4,23.5,28.3,21.9,23.0,23.8,24.1,24.6,28.1,28.5,28.5,28.1,18.2,29.8,31.6,29.4,28.2,21.5,29.4,6.2,7.8,5.1,5.2,5.0,5.4,4.9,5.0,5.0,5.0,5.1,5.4,5.3,5.3,5.4,5.7,6.0,5.7,5.4,4.8,5.0,12.5,7.7,17.9,2.8,5.2,8.6,9.8,11.7,16.7,18.3,19.0,17.8,20.9,24.1,20.4,16.8,27.3,95.5,97.1,93.6,99.0,98.1,95.4,96.7,96.5,93.1,93.3,93.5,94.6,90.4,87.8,90.5,93.8,93.5,91.3,3.8,2.6,5.2,0.7,1.6,4.3,3.0,3.1,6.0,5.6,5.1,3.9,5.9,8.2,5.6,3.2,4.2,4.1,0.7,0.3,1.2,0.3,0.3,0.3,0.3,0.4,0.9,1.1,1.4,1.5,3.7,4.0,3.9,3.0,2.3,4.6,1.7,1.5,1.9,1.8,1.5,1.4,1.3,1.3,1.7,1.8,2.1,2.1,2.7,3.0,2.8,1.8,0.9,4.6,87.2,84.4,90.2,95.1,93.4,96.7,97.1,96.3,93.7,93.8,69.4,0.6,17.2,1.6,11.2,75.9,1.1,16.0,1.7,5.3,81.3,1.1,9.2,1.7,6.7,69.1,1.2,24.7,1.8,3.2,69.2,1.6,23.8,2.8,2.6,37.2,0.7,45.1,2.6,14.4,60.1,1.2,33.5,2.7,2.5,6.1,34.3,49.9,9.7,15.7,18.1,27.4,29.7,6.2,2.9,29.0,21.0,24.0,21.5,2.8,1.7,1.1,13.2,29.0,41.2,10.5,5.0,0.8,9.3,28.8,41.9,13.1,6.1,16.0,37.4,19.2,13.3,10.5,3.6
2023,Total,Publica,17.4,15.5,19.0,23.4,22.3,26.7,20.7,22.0,22.5,22.9,23.2,26.6,26.9,26.8,26.5,14.5,29.0,30.9,28.6,27.3,21.6,27.9,6.0,7.5,5.0,5.2,5.0,5.3,4.9,5.0,5.0,5.0,5.1,5.3,5.3,5.3,5.4,5.7,5.9,5.7,5.4,4.8,5.1,13.3,8.2,19.3,2.9,5.2,8.9,10.5,13.1,18.0,19.7,20.4,19.2,21.6,24.7,21.1,17.6,27.9,95.1,96.8,93.2,99.0,98.1,95.0,96.2,95.7,92.4,92.8,93.1,94.4,90.5,88.0,90.7,93.8,93.2,91.2,4.1,2.9,5.4,0.6,1.6,4.7,3.5,3.9,6.6,5.9,5.3,3.9,5.7,8.0,5.4,3.2,4.3,4.0,0.8,0.3,1.4,0.4,0.3,0.3,0.3,0.4,1.0,1.3,1.6,1.7,3.8,4.0,3.9,3.0,2.5,4.8,1.7,1.5,1.9,1.8,1.5,1.5,1.3,1.3,1.7,1.8,2.1,2.1,2.6,3.0,2.8,1.8,0.9,4.6,85.0,83.1,87.0,92.1,90.9,93.3,96.7,95.3,87.5,93.7,68.0,0.6,16.9,1.6,12.9,69.5,1.0,19.1,1.8,8.6,78.6,1.1,9.3,1.7,9.3,59.2,1.0,30.3,2.0,7.5,67.7,1.6,24.9,2.8,3.0,27.3,0.5,42.2,2.3,27.7,58.3,1.2,34.5,2.7,3.3,8.9,33.0,45.0,13.1,19.8,18.0,26.3,27.9,5.5,2.5,32.3,18.9,23.4,21.1,2.7,1.6,5.7,14.9,27.7,38.3,9.2,4.2,1.2,9.7,28.5,41.9,12.8,5.9,22.6,32.1,19.5,12.1,10.9,2.8
2023,Urbana,Municipal,17.9,15.7,20.0,24.6,23.4,27.7,21.7,22.9,23.7,24.1,24.6,27.8,28.0,27.7,27.2,18.9,28.4,30.4,27.9,27.5,21.6,21.7,6.2,7.8,5.1,5.1,5.0,5.2,4.9,5.0,5.0,5.0,5.1,5.2,5.2,5.2,5.4,5.1,5.1,5.2,5.0,4.5,3.7,12.3,8.0,21.0,2.9,5.3,8.9,10.4,12.3,20.2,22.1,22.0,19.8,15.9,20.2,13.9,11.7,33.8,95.5,97.0,92.3,99.0,98.1,95.2,96.4,96.4,91.0,91.5,92.2,95.1,93.6,91.3,94.2,96.2,96.2,56.4,3.9,2.7,6.3,0.7,1.7,4.5,3.3,3.2,7.9,7.2,6.2,3.5,4.4,6.2,3.8,2.3,1.2,43.6,0.6,0.3,1.4,0.3,0.2,0.3,0.3,0.4,1.1,1.3,1.6,1.4,2.0,2.5,2.0,1.5,2.6,0.0,1.7,1.5,2.1,1.8,1.6,1.5,1.3,1.3,1.9,2.1,2.3,2.0,2.0,2.4,2.2,1.6,0.2,0.0,87.1,84.4,90.2,93.8,92.8,95.8,97.5,85.8,87.6,94.5,69.3,0.6,17.2,1.6,11.3,75.5,1.1,15.2,1.7,6.5,80.3,1.1,9.5,1.7,7.4,65.4,1.1,27.5,1.7,4.3,75.3,1.3,20.2,1.2,2.0,31.2,0.5,47.8,2.4,18.1,44.4,1.3,51.0,1.3,2.0,6.0,32.7,50.7,10.6,20.4,19.9,26.8,25.5,4.6,2.8,29.1,19.9,25.1,21.5,2.7,1.7,1.3,16.7,27.9,38.9,9.5,5.7,1.9,10.9,23.8,40.9,16.4,6.1,21.3,45.0,19.0,4.7,7.8,2.2
2023,Total,Municipal,17.4,15.5,19.1,22.5,22.1,25.5,20.6,21.8,22.4,22.9,23.1,25.8,25.8,25.4,24.9,14.6,26.7,28.4,25.9,25.9,22.8,25.1,6.0,7.5,5.0,5.1,5.0,5.2,4.9,5.0,5.0,5.0,5.1,5.2,5.2,5.2,5.4,5.0,5.0,5.1,5.0,4.3,3.5,13.3,8.4,22.6,2.9,5.3,9.2,10.9,13.7,21.6,23.6,23.7,21.7,21.7,28.2,20.3,13.1,44.4,95.0,96.6,91.8,99.0,98.1,94.8,95.9,95.6,90.2,90.9,91.8,94.8,93.7,91.7,94.3,96.1,96.8,66.1,4.2,3.0,6.6,0.7,1.7,4.9,3.7,4.0,8.5,7.5,6.3,3.5,4.2,5.7,3.6,2.3,1.0,33.9,0.8,0.4,1.6,0.3,0.2,0.3,0.4,0.4,1.3,1.6,1.9,1.7,2.1,2.6,2.1,1.6,2.2,0.0,1.7,1.5,2.0,1.8,1.6,1.5,1.3,1.3,1.9,2.0,2.2,2.0,2.0,2.4,2.0,1.6,0.1,0.0,85.0,83.2,87.0,90.4,90.3,90.6,94.4,67.6,76.1,94.4,68.0,0.6,16.9,1.6,12.9,67.8,1.0,19.3,1.8,10.1,77.5,1.1,9.6,1.7,10.1,51.4,0.8,35.5,1.9,10.4,68.5,1.1,24.1,1.4,4.9,21.6,0.3,43.1,2.1,32.9,41.5,1.1,50.0,1.5,5.9,9.4,31.6,44.8,14.2,24.8,19.4,25.4,23.9,4.1,2.4,32.7,17.8,24.4,21.0,2.6,1.5,9.0,18.6,25.9,34.5,7.6,4.4,2.7,11.7,23.5,41.1,15.3,5.7,27.3,36.0,18.9,6.5,9.5,1.8
2023,Rural,Estadual,10.0,9.0,10.3,15.0,13.0,17.7,12.0,13.0,13.2,13.2,13.4,17.7,17.8,17.6,17.6,11.6,20.3,22.5,20.3,18.3,21.2,12.2,4.8,4.9,4.7,4.9,4.7,5.0,4.6,4.7,4.7,4.7,4.7,5.0,5.0,5.0,5.0,5.2,5.4,5.1,5.0,5.4,4.5,22.2,16.6,25.1,8.3,12.1,16.1,19.9,24.6,23.0,24.7,26.2,26.4,32.8,34.4,32.6,30.6,44.3,93.5,94.1,93.2,97.4,96.8,92.5,93.7,90.9,93.0,93.4,93.5,93.0,92.6,91.3,93.3,93.8,87.4,89.5,4.6,4.6,4.5,1.2,2.2,6.4,4.9,7.5,5.3,4.5,4.1,4.2,3.6,4.7,3.1,2.9,2.7,1.5,1.9,1.3,2.3,1.4,1.0,1.1,1.4,1.6,1.7,2.1,2.4,2.8,3.8,4.0,3.6,3.3,9.9,9.0,1.9,1.6,2.0,1.9,1.6,1.7,1.4,1.4,1.6,1.8,2.2,2.4,2.2,2.5,2.3,1.5,1.9,5.0,42.5,38.6,43.4,82.2,73.2,84.2,91.9,96.4,85.3,76.0,30.6,0.2,6.3,4.1,58.8,49.6,0.6,25.9,3.1,20.8,64.1,0.4,5.9,2.9,26.7,44.5,0.7,33.0,3.1,18.7,50.5,0.7,37.6,3.0,8.2,30.6,0.6,44.3,3.1,21.4,38.8,0.6,46.4,3.2,11.0,10.7,37.1,35.9,16.3,19.6,9.2,20.3,37.6,9.6,3.7,45.8,7.3,19.1,21.1,5.1,1.6,11.3,9.3,20.9,42.9,11.3,4.3,4.2,9.1,20.8,44.9,14.4,6.6,19.2,18.8,30.7,18.9,10.3,2.1
2023,Rural,Total,14.6,14.3,14.7,16.4,16.0,19.0,14.8,16.2,16.2,16.5,16.5,19.5,19.3,18.8,18.2,14.1,20.9,23.3,20.8,18.9,22.0,14.2,5.0,5.6,4.7,5.1,5.0,5.2,4.9,5.0,5.0,5.0,5.1,5.2,5.2,5.2,5.4,5.6,5.8,5.5,5.4,8.2,5.7,17.7,10.7,28.0,3.5,5.3,10.6,13.8,19.8,26.0,28.3,29.5,28.3,31.7,33.1,31.6,29.7,32.8,93.1,95.0,90.3,98.9,98.1,92.8,93.7,91.7,88.2,89.6,90.6,93.5,92.5,91.0,93.3,93.9,90.9,90.8,5.5,4.5,7.0,0.6,1.5,6.7,5.7,7.5,9.7,7.8,6.2,3.7,3.9,5.1,3.3,2.9,4.8,2.2,1.4,0.5,2.7,0.5,0.4,0.5,0.6,0.8,2.1,2.6,3.2,2.8,3.6,3.9,3.4,3.2,4.3,7.0,1.8,1.6,2.0,1.9,1.7,1.6,1.5,1.5,1.7,1.9,2.2,2.1,2.3,2.7,2.3,1.6,1.5,4.2,72.1,69.4,73.6,80.6,79.2,81.9,92.2,84.9,63.2,92.2,57.4,0.7,14.3,1.5,26.1,46.3,0.7,30.1,2.0,20.9,65.9,1.0,9.8,1.6,21.7,30.5,0.4,46.4,2.3,20.4,51.8,1.1,35.8,3.1,8.2,9.9,0.1,37.1,1.6,51.3,38.8,0.6,45.8,3.2,11.6,13.5,30.8,37.1,18.6,32.6,15.5,21.1,24.6,4.2,2.0,44.9,8.5,22.2,20.4,2.7,1.3,19.4,18.4,21.5,31.9,6.0,2.8,3.8,12.9,23.1,41.7,12.7,5.8,33.6,23.6,20.0,10.0,11.4,1.4
2023,Rural,Publica,14.6,14.4,14.7,16.3,16.0,19.0,14.8,16.2,16.2,16.5,16.4,19.5,19.3,18.8,18.2,14.1,20.8,23.1,20.7,18.8,23.3,14.3,4.9,5.5,4.6,5.1,5.0,5.2,4.9,5.0,5.0,5.0,5.1,5.2,5.2,5.1,5.4,5.4,5.6,5.4,5.3,5.4,5.5,17.8,10.8,28.2,3.5,5.3,10.6,13.8,19.9,26.1,28.6,29.7,28.5,32.1,33.5,32.0,30.1,38.0,93.1,94.9,90.3,98.9,98.1,92.8,93.6,91.7,88.1,89.5,90.5,93.4,92.5,91.0,93.3,93.9,88.3,90.8,5.5,4.5,7.0,0.6,1.5,6.8,5.8,7.5,9.8,7.9,6.2,3.7,3.9,5.2,3.3,3.0,6.2,2.2,1.4,0.6,2.7,0.5,0.4,0.4,0.6,0.8,2.1,2.6,3.3,2.9,3.6,3.8,3.4,3.1,5.5,7.0,1.7,1.6,1.9,1.9,1.6,1.6,1.4,1.4,1.7,1.8,2.1,2.0,2.2,2.5,2.2,1.5,1.1,4.2,72.4,69.7,73.9,80.6,79.4,81.9,92.4,84.6,63.1,87.1,57.7,0.7,14.4,1.5,25.7,46.2,0.6,30.3,2.0,20.9,66.1,1.0,9.9,1.7,21.3,30.3,0.4,46.5,2.3,20.5,51.9,1.1,36.0,3.0,8.0,9.8,0.1,37.0,1.6,51.5,38.8,0.6,45.8,3.1,11.7,13.5,30.9,36.9,18.7,32.8,15.4,21.0,24.6,4.2,2.0,44.9,8.5,22.1,20.5,2.7,1.3,19.5,18.4,21.4,31.9,6.0,2.8,3.9,12.1,22.6,42.4,13.0,6.0,33.6,23.4,20.0,10.0,11.6,1.4
2023,Rural,Municipal,14.7,14.5,14.8,16.5,16.3,19.2,15.0,16.4,16.4,16.8,16.7,19.9,19.6,19.0,18.3,14.3,18.7,20.7,17.7,14.3,29.2,56.0,4.9,5.6,4.6,5.1,5.0,5.3,4.9,5.0,5.0,5.0,5.1,5.2,5.2,5.2,5.5,4.2,4.1,4.2,4.7,3.4,3.2,17.3,10.4,28.8,3.2,4.9,10.2,13.4,19.6,26.8,29.4,30.5,29.0,63.0,71.5,62.4,32.6,87.0,93.0,95.0,89.6,99.0,98.2,92.8,93.6,91.7,87.1,88.7,89.9,93.5,94.8,94.0,95.1,95.0,99.3,100.0,5.7,4.5,7.6,0.5,1.5,6.8,5.8,7.5,10.7,8.5,6.7,3.5,2.4,3.0,1.9,2.3,0.0,0.0,1.3,0.5,2.8,0.5,0.3,0.4,0.6,0.8,2.2,2.8,3.4,3.0,2.8,3.0,3.0,2.7,0.7,0.0,1.7,1.6,1.9,1.9,1.6,1.6,1.4,1.4,1.7,1.8,2.1,2.0,1.7,2.5,0.9,1.0,0.0,0.0,72.8,70.1,74.4,80.4,79.8,81.4,80.7,33.2,55.0,92.0,58.1,0.7,14.5,1.5,25.2,45.7,0.7,30.8,1.9,20.9,66.2,1.0,10.1,1.6,21.1,27.8,0.3,48.9,2.2,20.8,35.0,0.2,43.1,2.1,19.6,7.7,0.1,36.3,1.5,54.4,18.8,0.0,42.3,3.6,35.3,13.9,30.2,37.0,18.9,34.7,16.4,21.1,22.6,3.4,1.8,44.7,8.6,22.4,20.4,2.6,1.3,21.4,20.4,21.4,29.4,4.9,2.5,5.0,15.4,22.6,42.1,10.9,4.0,35.3,23.9,18.8,8.9,11.7,1.4
2025,Rural,Federal,10.2,8.3,14.0,,,,,,,,,,,,,,30.8,32.9,30.3,28.7,30.9,30.9,4.0,4.0,4.0,,,,,,,,,,,,,8.0,8.1,8.2,7.9,5.0,5.8,,,,,,,,,,,,,12.7,11.7,12.9,13.8,11.9,,,,,,,,,,,,,92.3,88.8,93.7,95.3,93.9,89.8,,,,,,,,,,,,,6.7,10.1,5.5,4.0,3.7,6.6,,,,,,,,,,,,,1.0,1.1,0.8,0.7,2.4,3.6,,,,,,,,,,,,,2.9,3.8,3.1,1.6,0.6,1.5,100.0,100.0,100.0,,,,98.6,,98.4,,100.0,0.0,0.0,0.0,0.0,,,,,,,,,,,,,,,,61.7,6.9,20.2,10.1,1.1,,,,,,83.0,5.2,6.8,4.2,0.8,0.0,12.2,75.6,12.2,,,,,,,,,,,,,,,,,,,1.8,36.4,41.1,19.1,1.3,0.3,2.1,17.9,30.5,42.1,7.4,0.0
2025,Total,Federal,12.0,9.9,14.1,25.9,22.2,27.9,18.2,22.1,22.8,23.9,24.2,27.2,28.0,28.1,28.2,,31.0,34.4,31.1,29.1,24.5,27.1,5.9,6.2,5.7,5.1,4.8,5.2,4.7,4.7,4.7,4.8,4.8,5.3,5.2,5.2,5.2,7.0,7.1,7.2,7.0,5.2,6.0,9.1,4.7,11.0,1.4,5.0,3.8,5.5,6.9,6.9,8.8,14.2,13.4,14.6,14.1,14.3,15.0,19.3,96.3,98.4,95.4,98.7,98.1,97.3,98.9,98.8,95.6,95.3,95.1,95.5,91.8,88.7,92.8,94.8,93.7,89.6,3.6,1.6,4.5,1.3,1.8,2.6,1.0,1.2,4.2,4.5,4.8,4.2,6.8,9.7,6.1,4.1,4.3,7.6,0.1,0.0,0.1,0.0,0.1,0.1,0.1,0.0,0.2,0.2,0.1,0.3,1.4,1.6,1.1,1.1,2.0,2.8,0.9,0.4,1.1,0.2,0.7,0.2,0.4,0.4,1.5,1.6,0.7,0.8,2.4,3.0,2.5,2.0,0.2,0.8,91.1,91.4,91.4,97.3,95.8,97.9,99.0,,98.8,,54.9,2.6,24.3,11.6,6.6,85.9,4.9,5.0,1.7,2.5,82.3,6.6,4.6,2.0,4.5,87.5,4.1,5.2,1.5,1.7,76.4,7.9,8.9,5.7,1.1,62.4,3.4,31.5,2.7,0.0,82.3,6.3,6.3,4.0,1.1,0.4,11.4,76.1,12.1,11.7,38.4,32.1,15.6,1.6,0.6,33.6,26.7,28.4,10.1,0.8,0.4,1.6,41.5,35.0,19.2,2.0,0.7,1.7,31.7,39.0,25.3,1.9,0.4,1.7,12.3,30.6,38.3,16.1,1.0
2025,Urbana,Federal,12.1,10.1,14.1,25.9,22.2,27.9,18.2,22.1,22.8,23.9,24.2,27.2,28.0,28.1,28.2,,31.1,34.6,31.2,29.2,24.3,26.9,6.0,6.4,5.8,5.1,4.8,5.2,4.7,4.7,4.7,4.8,4.8,5.3,5.2,5.2,5.2,6.8,6.9,7.0,6.8,5.2,6.0,9.1,4.7,11.0,1.4,5.0,3.8,5.5,6.9,6.9,8.8,14.2,13.4,14.9,14.5,14.6,15.2,19.6,96.3,98.4,95.4,98.7,98.1,97.3,98.9,98.8,95.6,95.3,95.1,95.5,91.7,88.7,92.7,94.8,93.7,89.6,3.6,1.6,4.5,1.3,1.8,2.6,1.0,1.2,4.2,4.5,4.8,4.2,6.9,9.7,6.2,4.1,4.4,7.7,0.1,0.0,0.1,0.0,0.1,0.1,0.1,0.0,0.2,0.2,0.1,0.3,1.4,1.6,1.1,1.1,1.9,2.7,0.9,0.4,1.1,0.2,0.7,0.2,0.4,0.4,1.5,1.6,0.7,0.8,2.3,2.9,2.4,2.1,0.2,0.7,90.7,90.8,91.2,97.3,95.8,97.9,99.1,,98.9,,53.8,2.7,24.9,11.9,6.7,85.9,4.9,5.0,1.7,2.5,82.3,6.6,4.6,2.0,4.5,87.5,4.1,5.2,1.5,1.7,79.5,8.2,6.6,4.7,1.0,62.4,3.4,31.5,2.7,0.0,82.3,6.5,6.2,4.0,1.0,0.5,11.2,76.2,12.1,11.7,38.4,32.1,15.6,1.6,0.6,33.6,26.7,28.4,10.1,0.8,0.4,1.6,41.5,35.0,19.2,2.0,0.7,1.8,30.9,38.7,26.2,2.0,0.4,1.6,11.4,30.6,37.7,17.4,1.3
2025,Total,Privada,12.0,11.1,13.3,18.9,16.9,22.9,16.0,16.6,16.4,17.7,18.3,22.4,22.6,23.1,23.4,11.4,27.0,27.3,26.7,27.0,20.3,29.6,6.6,7.7,5.3,4.8,4.6,5.1,4.6,4.6,4.6,4.6,4.7,5.0,5.0,5.1,5.1,5.8,5.8,5.8,5.9,9.8,4.8,4.2,3.8,4.9,3.7,2.0,3.4,4.6,5.2,5.2,4.7,4.8,4.7,5.7,6.4,5.2,5.2,40.3,99.1,99.4,98.7,99.3,99.5,99.3,99.4,99.5,98.9,98.7,98.7,98.6,97.7,96.4,98.0,99.1,97.1,82.4,0.8,0.5,1.2,0.5,0.4,0.6,0.5,0.5,1.1,1.2,1.3,1.3,2.0,3.2,1.7,0.7,1.2,1.9,0.1,0.1,0.1,0.2,0.1,0.1,0.1,0.0,0.0,0.1,0.0,0.1,0.3,0.4,0.3,0.2,1.7,15.7,2.5,2.9,2.0,3.1,3.0,2.8,2.7,2.7,2.1,2.0,2.0,2.1,2.0,2.2,2.3,1.4,13.4,0.4,71.3,72.3,71.5,83.5,78.5,90.1,93.6,,93.5,,51.9,0.7,18.7,3.0,25.7,63.9,1.8,13.5,2.4,18.4,63.5,1.6,9.1,2.3,23.5,64.7,2.0,21.3,2.5,9.5,62.2,2.0,26.6,4.4,4.8,28.0,1.0,61.2,3.4,6.4,38.5,1.0,49.4,6.8,4.3,9.8,31.4,45.8,13.0,21.1,15.0,30.3,27.0,4.5,2.1,32.0,12.5,29.1,21.8,3.3,1.3,3.5,14.6,29.1,41.3,7.9,3.6,1.2,9.9,33.2,41.2,9.9,4.6,35.5,26.5,19.3,17.9,0.5,0.3
2025,Urbana,Privada,12.0,11.1,13.3,19.0,17.0,22.9,16.0,16.6,16.4,17.7,18.3,22.4,22.6,23.1,23.5,11.5,27.1,27.3,26.8,27.1,19.7,29.5,6.6,7.7,5.3,4.8,4.6,5.0,4.6,4.6,4.6,4.6,4.7,5.0,5.0,5.0,5.1,5.7,5.8,5.7,5.8,4.3,4.7,4.2,3.8,4.8,3.7,2.0,3.4,4.6,5.1,5.2,4.7,4.7,4.7,5.5,6.2,5.0,5.0,65.7,99.1,99.4,98.7,99.4,99.5,99.4,99.4,99.5,98.9,98.7,98.7,98.7,97.7,96.5,98.0,99.2,97.0,82.1,0.8,0.5,1.2,0.5,0.4,0.6,0.5,0.5,1.1,1.2,1.2,1.3,1.9,3.2,1.7,0.7,0.3,1.9,0.1,0.1,0.1,0.1,0.1,0.0,0.1,0.0,0.0,0.1,0.1,0.0,0.4,0.3,0.3,0.1,2.7,16.0,2.5,2.9,2.1,3.1,3.0,2.8,2.7,2.7,2.1,2.0,2.0,2.1,2.0,2.2,2.3,1.4,32.8,0.4,71.4,72.4,71.6,83.6,78.6,90.2,93.7,,93.5,,52.0,0.7,18.7,3.0,25.6,64.0,1.8,13.5,2.4,18.3,63.6,1.6,9.1,2.3,23.4,64.9,2.0,21.3,2.5,9.3,62.5,2.0,26.5,4.3,4.7,28.0,1.0,61.1,3.4,6.5,38.6,1.0,49.4,6.7,4.3,9.8,31.5,45.8,12.9,21.2,15.0,30.2,27.0,4.5,2.1,32.0,12.5,29.1,21.8,3.3,1.3,3.3,14.6,29.0,41.5,8.0,3.6,1.1,9.5,33.1,41.5,10.1,4.7,35.6,26.2,19.4,18.1,0.5,0.2
2025,Rural,Privada,13.3,12.8,13.7,17.1,15.4,20.8,14.1,15.3,15.0,16.2,16.9,19.6,20.7,21.4,21.7,10.0,24.0,25.2,23.3,23.7,20.8,32.0,5.6,6.1,5.1,5.5,4.7,6.7,4.5,4.7,4.7,4.7,4.8,6.4,6.6,6.9,7.1,10.0,9.7,9.8,10.0,13.4,7.6,7.4,5.5,10.2,6.1,3.1,4.7,6.7,7.1,10.3,9.6,11.0,9.7,17.1,17.7,16.1,16.6,23.6,98.1,98.7,97.2,98.9,98.5,98.3,98.9,98.8,97.3,97.1,96.8,97.4,95.3,93.9,95.4,96.6,97.2,93.3,1.7,1.1,2.5,1.0,1.2,1.6,0.9,1.1,2.5,2.6,2.8,2.1,2.4,3.7,2.3,1.0,1.6,0.0,0.2,0.2,0.3,0.1,0.3,0.1,0.2,0.1,0.2,0.3,0.4,0.5,2.3,2.4,2.3,2.4,1.2,6.7,1.8,2.1,1.3,1.7,2.2,2.0,3.1,1.7,1.0,1.1,1.8,1.3,2.1,3.0,2.2,1.2,0.7,1.1,60.1,58.7,61.8,76.5,69.7,83.6,87.3,,92.3,,45.3,0.9,12.2,2.6,39.0,52.3,1.6,15.9,3.2,27.0,53.7,1.2,9.3,2.5,33.3,49.8,2.2,27.0,4.4,16.6,48.6,0.8,33.7,8.0,8.9,26.8,0.0,63.4,2.2,7.6,30.9,0.0,50.5,13.3,5.3,8.1,29.9,43.8,18.2,22.1,17.6,31.2,24.6,3.1,1.4,33.9,13.9,28.9,19.9,2.4,1.0,6.7,18.4,34.1,34.0,4.5,2.3,2.7,26.4,36.2,27.7,4.5,2.5,33.5,44.9,16.1,5.5,0.0,0.0
2025,Urbana,Total,15.2,13.4,17.2,23.6,21.5,26.9,20.1,20.9,21.5,22.6,22.9,26.6,26.9,27.1,26.9,16.5,29.1,30.7,29.0,27.7,21.3,23.9,6.5,7.8,5.3,5.2,5.1,5.4,5.0,5.1,5.1,5.1,5.2,5.4,5.4,5.4,5.5,5.9,6.1,5.9,5.8,5.0,5.2,9.4,6.2,13.3,2.1,3.0,6.8,9.1,10.0,13.4,13.8,13.5,12.4,15.2,18.0,14.8,11.9,31.4,97.5,98.4,96.4,99.2,98.8,97.3,98.3,98.6,96.0,96.0,96.5,97.3,94.8,93.0,95.0,97.1,93.9,85.3,2.0,1.4,2.8,0.5,1.1,2.5,1.5,1.3,3.3,3.3,2.6,1.9,3.1,4.4,2.8,1.4,4.1,8.4,0.5,0.2,0.8,0.3,0.1,0.2,0.2,0.1,0.7,0.7,0.9,0.8,2.1,2.6,2.2,1.5,2.0,6.3,1.6,1.5,1.7,1.8,1.6,1.5,1.4,1.3,1.6,1.7,1.8,1.7,2.6,2.9,2.7,1.9,1.5,4.3,83.6,82.4,85.6,91.6,89.1,94.5,96.3,,93.5,,64.9,0.7,17.5,2.7,14.2,71.7,1.3,16.1,2.4,8.5,75.5,1.2,9.6,2.5,11.2,66.1,1.4,25.4,2.2,4.9,66.8,1.8,25.8,2.8,2.8,33.4,0.6,48.9,3.4,13.7,57.7,1.3,36.0,3.1,1.9,8.6,37.0,45.9,8.5,18.1,18.1,28.9,27.9,4.9,2.1,30.4,19.3,25.2,20.9,2.8,1.4,1.6,14.2,30.8,40.9,8.7,3.8,1.1,10.8,31.1,41.6,10.8,4.6,23.6,33.3,19.2,15.1,6.4,2.4
2025,Total,Total,15.1,13.4,16.8,22.2,20.8,25.7,19.4,20.3,20.8,21.9,21.9,25.5,25.8,25.9,25.6,13.8,28.4,29.9,28.3,27.0,21.3,21.2,6.3,7.7,5.2,5.2,5.1,5.4,5.0,5.1,5.1,5.1,5.2,5.4,5.4,5.4,5.5,5.9,6.1,5.9,5.8,5.4,5.2,10.0,6.6,14.4,2.1,3.1,7.2,9.6,10.9,14.4,15.0,14.6,13.6,16.0,18.7,15.6,12.7,30.6,97.4,98.3,96.2,99.2,98.8,97.0,98.1,98.2,95.7,95.7,96.3,97.2,94.8,93.0,95.0,97.1,94.2,86.5,2.1,1.5,2.9,0.5,1.1,2.7,1.7,1.5,3.6,3.4,2.7,1.9,3.0,4.4,2.8,1.4,3.8,7.4,0.5,0.2,0.9,0.3,0.1,0.3,0.2,0.3,0.7,0.9,1.0,0.9,2.2,2.6,2.2,1.5,2.0,6.1,1.6,1.5,1.7,1.7,1.6,1.5,1.4,1.3,1.5,1.6,1.8,1.7,2.5,2.9,2.6,1.9,1.4,4.4,82.2,81.5,83.6,89.6,87.7,91.7,95.8,,87.0,,64.2,0.7,17.1,2.7,15.3,67.5,1.2,18.3,2.5,10.5,74.2,1.2,9.7,2.5,12.4,58.7,1.2,29.6,2.5,8.0,65.5,1.8,26.6,3.0,3.1,24.6,0.4,45.0,3.2,26.8,55.7,1.2,37.2,3.2,2.7,10.1,35.7,43.5,10.7,21.2,18.1,27.8,26.5,4.5,1.9,32.9,18.0,24.6,20.5,2.7,1.3,5.4,15.5,29.6,38.3,7.8,3.4,1.4,11.3,30.9,41.4,10.5,4.5,26.2,30.5,19.4,13.9,7.9,2.1
2025,Urbana,Municipal,17.1,15.1,19.1,24.4,23.3,27.3,21.6,22.5,23.4,24.5,24.6,27.4,27.6,27.4,26.9,17.6,28.5,29.3,29.1,27.3,22.3,,6.4,7.9,5.3,5.3,5.2,5.5,5.1,5.2,5.2,5.2,5.3,5.4,5.4,5.4,5.6,5.3,5.3,5.3,5.2,4.9,,10.7,7.1,18.3,1.6,3.4,8.0,10.6,11.8,18.8,19.6,18.2,16.2,13.5,15.2,12.9,11.4,33.3,97.0,98.1,94.7,99.2,98.5,96.7,97.9,98.3,93.5,93.6,94.9,97.4,93.7,90.4,94.2,97.0,93.8,,2.5,1.7,4.4,0.6,1.3,3.1,1.9,1.5,5.6,5.5,4.2,1.8,4.9,8.1,4.1,2.2,3.8,,0.5,0.2,0.9,0.2,0.2,0.2,0.2,0.2,0.9,0.9,0.9,0.8,1.4,1.5,1.7,0.8,2.4,,1.4,1.2,1.7,1.4,1.2,1.2,1.1,1.0,1.6,1.8,1.9,1.6,2.1,2.6,2.4,1.3,0.5,,89.1,87.6,91.1,93.6,92.9,95.3,97.4,,86.6,,70.5,0.7,17.0,2.6,9.2,75.5,1.2,14.8,2.5,6.0,79.9,1.1,9.6,2.5,6.9,65.3,1.2,27.0,2.3,4.2,68.6,1.7,25.8,2.1,1.8,29.1,0.5,48.7,3.4,18.3,45.6,0.6,47.6,3.8,2.4,7.5,37.7,47.4,7.4,21.0,20.7,27.0,24.7,4.2,2.4,29.6,20.4,25.1,21.0,2.5,1.4,1.4,18.0,28.7,38.2,8.8,4.9,2.4,11.2,25.9,40.0,14.5,6.0,23.8,43.8,18.5,4.8,7.3,1.8
2025,Urbana,Publica,17.1,15.1,19.1,25.2,23.3,28.0,21.7,22.6,23.4,24.4,24.5,27.9,28.2,28.2,27.9,17.2,29.5,31.3,29.4,27.8,21.3,23.5,6.4,7.9,5.3,5.3,5.2,5.5,5.1,5.2,5.2,5.2,5.3,5.5,5.5,5.5,5.6,5.9,6.1,5.9,5.8,5.0,5.2,10.7,6.9,15.3,1.6,3.3,7.7,10.3,11.4,15.4,16.0,15.5,14.3,16.9,20.0,16.5,13.1,30.2,97.1,98.2,95.9,99.2,98.6,96.8,98.0,98.3,95.3,95.4,96.0,97.0,94.3,92.4,94.5,96.7,93.8,85.6,2.3,1.6,3.2,0.5,1.2,3.0,1.8,1.5,3.9,3.8,2.9,2.0,3.2,4.7,3.0,1.6,4.2,9.0,0.6,0.2,0.9,0.3,0.2,0.2,0.2,0.2,0.8,0.8,1.1,1.0,2.5,2.9,2.5,1.7,2.0,5.4,1.4,1.2,1.6,1.4,1.2,1.2,1.1,1.0,1.4,1.6,1.8,1.7,2.7,3.1,2.7,2.0,0.4,4.7,89.1,87.6,91.1,94.6,93.3,96.1,97.0,,93.6,,70.5,0.7,17.0,2.6,9.2,74.3,1.2,17.0,2.3,5.2,80.1,1.1,9.8,2.5,6.5,66.4,1.3,26.5,2.1,3.7,67.9,1.8,25.6,2.4,2.3,34.0,0.6,47.5,3.3,14.6,59.9,1.3,34.5,2.7,1.6,8.1,39.3,46.0,6.6,16.4,18.6,28.0,29.2,5.4,2.4,29.4,21.6,24.1,20.8,2.7,1.4,0.9,13.5,30.3,41.5,9.5,4.3,1.0,10.8,29.7,41.8,11.5,5.2,18.0,36.7,19.0,13.7,9.2,3.4
2025,Total,Publica,16.6,14.9,18.2,23.1,22.1,26.4,20.6,21.5,22.1,23.2,23.1,26.3,26.5,26.6,26.1,13.8,28.6,30.3,28.6,26.9,21.4,20.8,6.2,7.7,5.2,5.3,5.2,5.5,5.1,5.2,5.2,5.2,5.3,5.5,5.5,5.5,5.6,5.9,6.1,5.9,5.8,5.0,5.2,11.3,7.3,16.4,1.7,3.3,8.1,10.8,12.2,16.4,17.1,16.6,15.4,17.6,20.7,17.2,14.0,29.8,97.0,98.0,95.7,99.2,98.6,96.5,97.7,98.0,95.0,95.1,95.9,96.9,94.3,92.4,94.5,96.7,94.0,86.8,2.4,1.8,3.3,0.5,1.2,3.2,2.0,1.8,4.2,3.9,3.0,2.0,3.2,4.6,2.9,1.6,4.0,7.9,0.6,0.2,1.0,0.3,0.2,0.3,0.3,0.2,0.8,1.0,1.1,1.1,2.5,3.0,2.6,1.7,2.0,5.3,1.3,1.2,1.6,1.4,1.2,1.2,1.1,1.0,1.4,1.6,1.7,1.6,2.6,3.0,2.7,2.0,0.4,4.7,86.5,85.9,87.5,91.4,90.8,92.3,96.5,,86.6,,68.9,0.7,16.5,2.6,11.3,68.5,1.1,19.6,2.6,8.2,77.6,1.1,9.9,2.6,8.8,57.4,1.1,31.4,2.5,7.6,66.2,1.7,26.6,2.7,2.8,24.3,0.4,43.7,3.2,28.4,57.5,1.2,35.9,2.8,2.6,10.2,36.8,43.0,10.0,20.5,18.5,26.8,27.2,4.9,2.1,32.6,19.5,23.6,20.3,2.6,1.4,5.7,15.2,28.9,38.3,8.2,3.7,1.4,11.2,29.5,41.7,11.2,5.0,23.4,31.8,19.4,12.6,10.2,2.6
2025,Total,Municipal,16.6,14.9,18.2,22.2,22.0,25.1,20.5,21.4,22.1,23.2,23.0,25.3,25.4,25.2,24.4,14.0,26.2,27.2,26.6,24.8,21.9,,6.2,7.7,5.2,5.3,5.2,5.5,5.1,5.2,5.2,5.2,5.3,5.4,5.4,5.5,5.6,5.2,5.3,5.2,5.1,4.9,,11.4,7.4,19.5,1.7,3.4,8.3,11.1,12.5,19.8,20.8,19.4,17.7,17.1,19.6,15.7,15.0,33.2,96.9,98.0,94.6,99.2,98.5,96.5,97.6,97.9,93.2,93.5,94.8,97.3,93.6,90.5,94.0,96.9,94.0,,2.7,1.8,4.4,0.5,1.3,3.3,2.2,1.8,5.8,5.5,4.1,1.8,4.7,7.6,3.9,2.0,3.7,,0.4,0.2,1.0,0.3,0.2,0.2,0.2,0.3,1.0,1.0,1.1,0.9,1.7,1.9,2.1,1.1,2.3,,1.3,1.2,1.7,1.4,1.2,1.2,1.1,1.0,1.6,1.7,1.8,1.5,2.2,2.8,2.4,1.3,0.5,,86.6,86.0,87.7,90.0,90.4,89.8,94.4,,74.6,,68.9,0.7,16.6,2.6,11.2,68.2,1.0,18.6,2.7,9.5,77.3,1.1,9.7,2.6,9.3,51.7,0.9,34.7,2.8,9.9,64.2,1.5,28.1,2.4,3.8,19.5,0.3,43.6,3.2,33.4,44.1,0.6,48.1,3.7,3.5,10.3,35.2,43.3,11.2,25.3,20.2,25.6,23.1,3.8,2.0,33.0,18.4,24.4,20.5,2.4,1.3,9.0,19.6,26.7,33.8,7.1,3.8,4.0,11.7,25.8,39.9,13.3,5.3,28.3,35.4,18.6,6.9,9.3,1.5
2025,Rural,Municipal,14.0,13.8,14.2,16.0,16.1,18.4,15.2,15.9,16.0,17.2,16.5,18.8,18.6,18.5,17.5,13.7,14.3,16.8,12.8,12.8,13.0,,5.1,5.7,4.8,5.3,5.2,5.5,5.1,5.3,5.2,5.2,5.4,5.4,5.5,5.5,5.7,4.6,4.5,4.8,4.6,4.0,,14.5,8.9,24.5,1.9,3.3,9.7,13.3,16.3,24.1,25.6,24.4,23.8,53.7,56.5,50.4,53.1,30.8,96.0,97.2,93.9,99.4,98.8,95.4,96.4,96.3,92.0,93.0,94.2,96.8,93.2,92.0,91.5,96.2,100.0,,3.2,2.5,4.5,0.4,1.0,4.3,3.3,3.3,6.6,5.4,4.0,1.7,1.9,3.3,1.5,0.2,0.0,,0.8,0.3,1.6,0.2,0.2,0.3,0.3,0.4,1.4,1.6,1.8,1.5,4.9,4.7,7.0,3.6,0.0,,1.2,1.1,1.4,1.2,1.2,1.2,1.1,1.0,1.3,1.4,1.5,1.3,2.9,4.4,2.6,1.3,0.0,,73.2,71.3,74.6,80.2,80.6,80.8,79.9,,54.8,,58.2,0.8,13.7,3.0,24.3,46.6,0.7,29.7,3.3,19.7,66.1,1.0,10.3,3.0,19.6,28.0,0.4,48.1,3.5,20.0,36.4,0.2,42.2,4.7,16.5,7.0,0.1,37.0,3.0,52.9,20.5,0.6,56.3,2.4,20.2,14.1,31.7,37.8,16.4,35.4,16.8,21.2,21.8,3.3,1.5,44.7,9.2,22.5,19.8,2.6,1.2,21.7,20.9,22.0,28.5,4.7,2.2,11.7,14.0,25.4,39.3,7.6,2.0,34.6,23.6,18.6,9.8,12.2,1.2
2025,Rural,Total,13.9,13.7,14.0,15.9,15.8,18.2,14.9,15.6,15.7,16.8,16.2,18.6,18.4,18.3,17.3,13.4,20.1,21.4,20.6,18.9,21.5,13.1,5.1,5.8,4.8,5.3,5.2,5.5,5.0,5.2,5.1,5.2,5.3,5.4,5.4,5.5,5.6,6.0,6.0,5.9,5.9,8.6,4.9,14.8,9.2,23.7,2.2,3.6,10.0,13.5,16.5,23.2,24.6,23.7,23.3,27.6,29.8,26.8,25.5,24.0,96.0,97.2,94.3,99.3,98.7,95.3,96.4,96.2,92.7,93.5,94.6,96.5,95.0,93.6,95.2,96.7,96.8,93.0,3.2,2.5,4.2,0.4,1.1,4.3,3.3,3.4,5.9,4.9,3.7,1.9,2.5,3.3,2.3,1.6,1.7,2.3,0.8,0.3,1.5,0.3,0.2,0.4,0.3,0.4,1.4,1.6,1.7,1.6,2.5,3.1,2.5,1.7,1.5,4.7,1.3,1.2,1.4,1.3,1.2,1.2,1.1,1.0,1.3,1.4,1.5,1.4,2.0,2.3,2.0,1.4,0.5,5.0,72.3,70.3,73.8,80.2,79.9,81.1,91.2,,64.0,,57.3,0.8,13.5,3.0,25.4,46.7,0.7,29.2,3.4,20.0,65.5,1.0,10.2,3.1,20.2,30.4,0.5,45.7,3.6,19.8,50.3,1.2,35.6,5.4,7.5,9.0,0.1,37.9,3.0,50.0,39.7,0.6,46.4,3.9,9.4,13.7,32.4,37.7,16.2,33.1,15.9,21.7,23.7,3.9,1.7,44.8,9.1,22.3,19.9,2.7,1.2,19.7,18.8,22.6,30.9,5.6,2.4,4.6,14.0,24.7,40.4,11.1,5.2,32.8,23.5,19.9,10.8,11.7,1.3
2025,Rural,Publica,13.9,13.7,14.0,15.8,15.8,18.1,14.9,15.6,15.7,16.8,16.2,18.5,18.4,18.2,17.3,13.4,20.0,21.3,20.5,18.7,22.0,13.0,5.1,5.7,4.8,5.3,5.2,5.4,5.1,5.2,5.1,5.2,5.3,5.3,5.4,5.4,5.6,5.8,5.9,5.8,5.8,4.9,4.9,14.9,9.3,23.9,2.2,3.6,10.0,13.6,16.6,23.4,24.8,23.9,23.5,28.0,30.3,27.3,25.9,24.4,96.0,97.2,94.2,99.3,98.7,95.3,96.3,96.2,92.7,93.5,94.5,96.5,95.0,93.6,95.2,96.7,96.5,93.0,3.2,2.5,4.2,0.4,1.1,4.4,3.3,3.4,6.0,4.9,3.7,1.9,2.5,3.3,2.3,1.6,1.8,2.3,0.8,0.3,1.6,0.3,0.2,0.3,0.4,0.4,1.3,1.6,1.8,1.6,2.5,3.1,2.5,1.7,1.7,4.7,1.2,1.1,1.4,1.3,1.2,1.2,1.1,1.0,1.3,1.4,1.5,1.4,2.0,2.3,2.0,1.4,0.4,5.0,72.7,70.8,74.0,80.2,80.0,81.0,91.4,,63.8,,57.7,0.8,13.5,3.0,25.0,46.6,0.7,29.4,3.4,19.9,65.6,1.0,10.2,3.1,20.1,30.2,0.4,45.9,3.6,19.9,50.4,1.2,35.7,5.3,7.4,9.0,0.1,37.8,3.0,50.1,39.8,0.6,46.3,3.8,9.5,13.8,32.4,37.6,16.2,33.3,15.9,21.5,23.7,3.9,1.7,44.8,9.1,22.3,19.9,2.7,1.2,19.9,18.8,22.4,30.9,5.6,2.4,4.9,13.3,24.1,41.0,11.4,5.3,32.8,23.2,20.0,10.8,11.9,1.3
2025,Total,Estadual,14.7,10.0,15.3,25.9,22.5,27.9,21.3,22.4,22.3,23.1,23.1,27.5,28.0,28.2,27.8,12.6,28.5,30.2,28.6,26.9,16.6,19.5,5.2,6.5,5.1,5.5,5.2,5.5,5.2,5.2,5.2,5.2,5.3,5.6,5.6,5.5,5.5,5.9,6.1,5.8,5.8,4.5,4.9,11.3,6.4,12.9,2.0,2.9,6.9,8.7,10.0,12.1,12.9,13.5,13.2,17.8,21.0,17.4,13.9,52.4,97.3,98.3,96.9,99.0,98.9,96.9,98.6,98.1,97.2,97.1,97.0,96.5,94.4,92.6,94.6,96.8,94.5,86.0,1.9,1.3,2.0,0.4,0.7,2.7,1.0,1.5,2.1,2.1,1.9,2.2,3.0,4.3,2.8,1.5,3.4,8.0,0.8,0.4,1.1,0.6,0.4,0.4,0.4,0.4,0.7,0.8,1.1,1.3,2.6,3.1,2.6,1.7,2.1,6.0,1.4,1.1,1.5,1.4,1.1,1.1,1.0,0.9,1.2,1.4,1.6,1.7,2.6,3.0,2.7,2.0,0.8,5.8,77.7,64.5,79.8,95.2,94.0,95.4,96.3,,96.4,,65.7,0.6,7.3,3.8,22.6,69.1,1.1,22.6,2.2,5.0,79.3,0.6,11.2,2.5,6.4,65.2,1.3,27.0,2.1,4.4,65.8,1.5,27.2,2.6,2.9,46.7,0.9,44.1,3.2,5.1,57.5,1.2,36.1,2.8,2.4,9.9,43.0,40.8,6.3,8.0,13.0,28.0,38.7,8.8,3.5,28.6,24.7,19.6,21.6,3.8,1.7,1.7,9.1,29.8,44.5,10.6,4.3,1.3,9.7,28.8,42.9,12.0,5.3,6.6,19.1,22.1,32.8,13.2,6.2
2025,Urbana,Estadual,17.3,11.3,17.6,27.1,23.6,28.7,22.5,23.5,23.5,24.1,24.3,28.4,28.8,29.0,28.7,16.5,29.5,31.2,29.4,27.8,16.5,22.6,5.3,8.3,5.2,5.5,5.2,5.6,5.2,5.2,5.2,5.3,5.3,5.6,5.6,5.5,5.5,5.9,6.1,5.9,5.8,4.4,5.0,10.8,5.7,12.5,1.6,2.5,6.2,8.0,9.1,11.7,12.4,13.1,12.7,17.0,20.2,16.6,13.1,54.4,97.4,98.4,97.0,99.0,99.0,97.1,98.8,98.4,97.3,97.1,97.1,96.6,94.4,92.5,94.6,96.8,94.0,84.2,1.8,1.1,2.0,0.4,0.6,2.5,0.8,1.2,2.0,2.0,1.8,2.2,3.1,4.5,2.9,1.5,3.8,9.4,0.8,0.5,1.0,0.6,0.4,0.4,0.4,0.4,0.7,0.9,1.1,1.2,2.5,3.0,2.5,1.7,2.2,6.4,1.4,1.1,1.5,1.3,1.1,1.1,1.0,0.9,1.2,1.4,1.6,1.7,2.7,3.1,2.8,2.0,0.9,5.9,94.8,93.6,94.9,96.8,96.2,96.9,96.9,,97.5,,82.7,0.8,7.8,3.6,5.1,71.4,1.1,22.1,2.1,3.3,81.4,0.6,11.4,2.4,4.2,67.5,1.3,26.2,2.0,3.0,67.5,1.6,26.3,2.3,2.3,49.8,1.0,43.5,3.1,2.6,59.9,1.2,34.6,2.6,1.7,9.6,43.8,41.8,4.8,6.6,13.2,28.2,39.3,9.0,3.7,26.8,26.5,19.7,21.7,3.6,1.7,0.7,8.9,30.1,45.1,10.8,4.4,0.9,9.4,29.1,42.9,12.2,5.5,3.4,18.9,20.1,36.2,14.0,7.4
2025,Rural,Estadual,9.1,9.3,9.1,14.3,12.3,17.0,11.5,11.9,12.2,13.0,12.8,17.2,17.2,17.0,16.6,11.0,19.5,20.7,20.1,18.2,17.6,12.5,4.9,5.2,4.8,5.0,4.8,5.1,4.7,4.7,4.8,4.8,4.8,5.1,5.1,5.1,5.1,5.6,5.7,5.6,5.6,4.8,4.8,18.9,14.5,21.1,6.7,8.1,15.5,18.1,22.0,19.8,21.3,21.5,22.0,29.1,31.6,28.3,26.7,36.0,95.9,96.0,95.8,98.4,97.4,94.3,95.9,94.5,95.9,95.8,96.0,95.4,95.2,94.0,95.3,96.8,98.8,93.2,2.9,3.3,2.6,1.0,1.9,5.0,3.4,4.7,2.9,2.8,2.3,2.6,2.1,2.7,2.0,1.4,0.0,2.0,1.2,0.7,1.6,0.6,0.7,0.7,0.7,0.8,1.2,1.4,1.7,2.0,2.7,3.3,2.7,1.8,1.2,4.8,1.5,1.3,1.5,1.5,1.4,1.3,1.3,1.1,1.3,1.3,1.7,1.8,1.9,2.1,1.9,1.4,0.2,5.2,41.6,34.4,43.8,80.6,73.2,82.5,90.8,,87.8,,31.0,0.2,6.1,4.4,58.3,47.2,0.6,27.0,3.8,21.4,59.5,0.4,9.1,4.0,27.0,42.4,0.7,33.9,3.7,19.3,49.7,0.8,36.7,5.0,7.8,31.9,0.5,47.2,3.9,16.5,39.5,0.6,46.7,3.8,9.4,11.5,38.9,35.7,13.9,19.8,9.5,22.9,36.2,8.3,3.3,44.9,7.0,19.4,21.4,5.2,2.1,11.5,9.7,23.9,41.4,9.7,3.8,5.0,10.8,22.3,43.4,12.6,5.9,19.9,20.0,30.3,18.5,9.7,1.6
2022,Total,Privada,12.3,11.4,13.6,19.0,17.0,22.9,16.5,16.9,16.8,17.3,17.9,22.6,22.7,23.0,23.3,11.4,27.0,27.3,26.8,27.1,19.3,23.0,6.5,7.6,5.1,4.7,4.6,5.0,4.5,4.6,4.6,4.6,4.6,4.9,5.0,5.0,5.1,5.7,5.8,5.7,5.8,7.5,3.4,4.8,4.7,4.9,4.9,5.2,4.7,4.3,4.4,4.6,4.8,4.9,5.4,6.3,6.9,5.8,5.9,58.0,98.7,99.1,98.2,99.0,99.3,99.1,99.2,99.2,98.5,98.2,98.0,98.0,96.9,96.0,97.4,98.6,92.0,80.6,1.2,0.8,1.7,0.7,0.6,0.9,0.8,0.8,1.5,1.7,1.9,1.9,2.4,3.7,2.4,1.0,3.1,2.1,0.1,0.1,0.1,0.3,0.1,0.0,0.0,0.0,0.0,0.1,0.1,0.1,0.7,0.3,0.2,0.4,4.9,17.3,3.7,4.1,3.1,4.8,4.3,3.8,3.7,4.0,3.2,3.1,2.9,3.1,3.0,3.2,3.2,2.4,0.4,7.3,69.6,70.7,69.8,83.7,77.4,91.0,94.8,89.1,93.3,94.7,51.1,0.7,19.8,1.7,26.7,64.6,1.7,13.2,1.4,19.1,63.1,1.6,9.4,1.2,24.7,67.4,1.9,20.0,1.7,9.0,68.9,1.8,22.5,2.3,4.5,28.8,0.9,60.0,2.9,7.4,48.2,1.1,42.2,3.2,5.3,6.9,25.1,49.5,18.5,21.4,15.0,29.2,26.7,4.9,2.8,32.2,12.6,28.4,21.7,3.4,1.7,3.3,14.7,27.8,40.6,8.7,4.9,1.6,10.3,31.5,40.0,10.6,6.0,34.0,27.3,20.0,17.7,0.5,0.5
2022,Urbana,Privada,12.3,11.3,13.5,19.0,17.0,22.9,16.5,16.9,16.8,17.3,17.9,22.6,22.7,23.0,23.3,11.4,27.0,27.3,26.8,27.2,18.5,23.1,6.5,7.6,5.1,4.7,4.6,5.0,4.5,4.6,4.6,4.6,4.6,4.9,5.0,5.0,5.0,5.6,5.7,5.7,5.7,3.7,3.3,4.8,4.7,4.9,4.9,5.2,4.7,4.3,4.3,4.6,4.8,4.9,5.3,6.1,6.6,5.6,5.7,77.3,98.8,99.2,98.2,99.1,99.3,99.1,99.2,99.2,98.5,98.2,98.0,98.0,96.9,96.0,97.4,98.7,90.8,80.5,1.1,0.7,1.7,0.7,0.6,0.8,0.8,0.8,1.4,1.7,1.9,1.9,2.4,3.7,2.4,1.0,3.4,2.1,0.1,0.1,0.1,0.2,0.1,0.1,0.0,0.0,0.1,0.1,0.1,0.1,0.7,0.3,0.2,0.3,5.8,17.4,3.7,4.1,3.0,4.7,4.2,3.8,3.7,4.0,3.2,3.0,2.9,3.0,3.0,3.1,3.1,2.4,0.3,7.4,69.7,70.8,69.9,83.8,77.5,91.1,94.9,89.1,93.7,94.7,51.1,0.7,19.9,1.7,26.6,64.8,1.7,13.2,1.4,18.9,63.2,1.6,9.4,1.2,24.6,67.6,1.9,20.0,1.7,8.8,69.3,1.8,22.4,2.2,4.3,28.8,0.9,60.0,2.9,7.4,48.3,1.1,42.2,3.2,5.2,6.9,25.0,49.6,18.5,21.4,15.0,29.2,26.7,4.9,2.8,32.2,12.5,28.4,21.7,3.5,1.7,3.3,14.7,27.7,40.7,8.7,4.9,1.5,10.0,31.5,40.2,10.7,6.1,34.0,27.1,20.1,17.9,0.6,0.3
2022,Rural,Privada,14.1,13.8,14.5,17.3,15.7,20.9,14.5,15.6,15.7,16.5,16.5,20.0,20.0,21.7,22.0,10.4,24.1,26.9,23.8,22.2,20.8,14.0,5.9,6.9,5.0,5.3,4.6,6.3,4.4,4.6,4.6,4.6,4.7,5.9,6.1,6.5,6.7,9.4,9.4,8.8,9.2,13.7,7.7,8.6,7.0,11.1,6.4,6.4,6.9,7.5,7.9,8.9,10.1,12.7,12.7,21.8,24.4,21.1,18.1,25.9,97.5,98.0,96.6,98.0,98.1,97.3,98.3,98.4,96.5,96.9,96.4,96.6,93.3,92.1,93.1,95.0,94.1,96.0,2.2,1.8,2.9,1.7,1.8,2.6,1.6,1.4,3.2,2.9,3.0,2.4,3.0,4.1,3.2,1.4,2.6,0.0,0.3,0.2,0.5,0.3,0.1,0.1,0.1,0.2,0.3,0.2,0.6,1.0,3.7,3.8,3.7,3.6,3.3,4.0,6.5,5.9,7.4,6.1,6.3,5.6,5.3,6.5,6.8,7.2,7.6,7.9,5.9,7.3,5.7,5.4,0.5,0.0,60.8,61.8,60.2,73.4,65.2,82.0,87.1,88.8,76.9,96.7,47.2,0.5,13.7,0.8,37.8,52.3,1.4,14.0,1.7,30.6,52.2,1.1,7.6,1.0,38.1,52.5,1.9,24.8,2.9,17.9,49.7,1.6,32.9,7.2,8.6,29.7,0.6,65.2,1.1,3.4,37.3,2.7,35.1,4.9,20.0,6.9,27.1,46.6,19.4,22.8,16.8,30.0,24.8,3.7,1.9,35.0,13.9,28.0,19.6,2.3,1.2,7.1,16.9,32.7,34.6,6.0,2.7,3.1,25.5,31.6,30.9,6.1,2.8,37.5,41.5,14.1,6.7,0.0,0.2
2022,Rural,Federal,9.1,8.4,10.5,15.7,15.8,15.5,15.0,17.0,15.0,15.0,17.0,17.0,14.0,18.0,13.0,,29.7,34.3,29.4,25.7,41.3,22.1,4.0,4.0,4.0,4.3,4.3,4.3,4.3,4.3,4.3,4.3,4.3,4.3,4.3,4.3,4.3,8.7,8.9,8.9,8.8,5.7,8.3,7.8,3.8,12.9,0.0,5.9,6.7,6.7,0.0,0.0,14.3,16.7,23.1,22.6,22.4,23.7,20.0,34.5,98.6,97.5,100.0,100.0,100.0,85.7,100.0,100.0,100.0,100.0,100.0,100.0,88.6,84.5,90.5,93.6,84.0,84.9,1.4,2.5,0.0,0.0,0.0,14.3,0.0,0.0,0.0,0.0,0.0,0.0,8.9,12.5,7.6,4.5,12.9,9.3,0.0,0.0,0.0,0.0,0.0,0.0,0.0,0.0,0.0,0.0,0.0,0.0,2.5,3.0,1.9,1.9,3.1,5.8,0.7,1.3,0.0,0.0,0.0,6.7,0.0,0.0,0.0,0.0,0.0,0.0,2.1,2.8,2.3,1.2,0.6,2.1,81.0,92.3,62.5,95.8,93.8,92.9,99.2,99.5,99.7,,66.7,0.0,14.3,0.0,19.0,67.5,16.9,10.8,0.0,4.8,63.8,21.3,10.6,0.0,4.3,72.2,11.1,11.1,0.0,5.6,79.0,7.9,8.7,3.4,1.0,100.0,0.0,0.0,0.0,0.0,85.6,6.1,7.4,0.9,0.0,1.1,13.5,74.2,11.2,37.5,20.8,20.8,16.7,0.0,4.2,43.6,12.5,31.3,6.3,0.0,6.3,14.4,21.4,35.7,21.4,0.0,7.1,2.1,38.5,37.4,20.5,1.2,0.3,1.1,22.6,35.5,30.1,10.7,0.0
2022,Total,Federal,13.3,11.5,14.9,26.0,22.6,27.8,18.4,23.0,23.5,24.2,24.0,27.0,28.3,28.2,27.7,,29.9,33.5,29.8,27.5,27.6,26.4,6.3,6.9,5.9,5.1,4.8,5.2,4.9,4.8,4.8,4.8,4.8,5.2,5.2,5.2,5.2,7.4,7.6,7.6,7.6,5.5,6.3,10.4,4.2,13.0,1.9,2.9,3.2,4.0,8.1,11.0,11.7,14.8,14.0,23.4,21.3,25.2,21.9,31.9,96.1,97.5,95.5,98.4,97.5,95.6,97.9,97.9,96.5,95.4,95.0,95.1,88.3,84.6,89.4,91.9,89.6,86.1,3.8,2.4,4.4,1.4,2.5,4.1,2.1,1.9,3.4,4.4,4.9,4.9,9.5,12.9,8.7,6.2,7.6,10.4,0.1,0.1,0.1,0.2,0.0,0.3,0.0,0.2,0.1,0.2,0.1,0.0,2.2,2.5,1.9,1.9,2.8,3.5,1.1,1.1,1.1,1.0,1.4,1.1,1.0,0.9,1.1,1.1,1.1,1.1,4.2,4.1,4.7,3.6,7.7,1.4,89.2,88.4,91.2,97.7,97.0,97.9,99.1,99.1,97.7,87.3,63.7,1.6,22.9,4.3,7.5,86.3,4.2,5.2,1.1,3.2,83.0,5.6,6.3,1.1,4.0,87.8,3.6,4.8,1.0,2.8,73.9,7.2,12.0,6.1,0.8,53.9,3.9,11.0,0.0,31.2,73.7,6.8,12.5,5.6,1.4,1.3,8.6,77.6,12.5,13.1,36.3,30.8,17.2,1.7,0.9,34.8,25.1,26.3,11.2,1.3,1.3,3.0,39.0,33.6,21.4,2.0,1.0,2.4,33.3,34.1,28.1,1.7,0.4,1.4,15.4,31.6,35.9,14.9,0.8
2022,Urbana,Federal,13.6,11.8,15.1,26.1,22.7,27.9,18.4,23.1,23.7,24.3,24.1,27.1,28.4,28.3,27.8,,29.9,33.4,29.9,27.8,26.9,27.0,6.4,7.1,6.0,5.1,4.8,5.2,4.9,4.8,4.8,4.8,4.8,5.2,5.2,5.2,5.2,7.2,7.4,7.4,7.4,5.5,6.1,10.4,4.2,13.0,2.0,2.9,3.2,4.0,8.2,11.1,11.7,14.8,14.0,23.6,21.1,25.5,22.2,31.8,96.0,97.5,95.4,98.4,97.4,95.7,97.9,97.9,96.5,95.4,94.9,95.1,88.2,84.6,89.2,91.7,90.0,86.2,3.9,2.4,4.5,1.4,2.5,4.0,2.1,2.0,3.4,4.4,5.0,4.9,9.6,13.0,8.9,6.4,7.2,10.5,0.1,0.1,0.1,0.2,0.1,0.3,0.0,0.1,0.1,0.2,0.1,0.0,2.2,2.4,1.9,1.9,2.8,3.3,1.1,1.1,1.1,1.1,1.5,1.0,1.0,0.9,1.1,1.1,1.1,1.1,4.6,4.4,5.0,4.0,8.2,1.3,89.8,88.0,92.5,97.7,97.1,97.9,99.1,99.0,97.5,87.3,63.6,1.6,23.3,4.5,7.0,86.5,4.1,5.2,1.1,3.1,83.4,5.3,6.2,1.2,3.9,87.9,3.6,4.7,1.0,2.8,73.1,7.1,12.4,6.5,0.9,53.3,3.9,11.2,0.0,31.6,72.8,6.8,12.9,5.9,1.6,1.4,7.8,78.2,12.6,12.9,36.4,30.9,17.2,1.7,0.9,34.6,25.4,26.2,11.3,1.3,1.2,2.9,39.1,33.6,21.4,2.1,0.9,2.3,32.5,33.6,29.3,1.8,0.5,1.5,14.3,31.0,36.7,15.5,1.0
2022,Urbana,Estadual,19.5,11.8,20.1,27.6,24.1,29.2,23.5,23.7,23.9,24.3,24.9,28.6,29.2,29.5,29.7,17.0,30.6,31.9,30.5,29.5,20.6,24.7,5.3,8.7,5.1,5.2,4.9,5.3,4.8,4.9,4.9,4.9,4.9,5.4,5.3,5.3,5.3,5.6,5.9,5.4,5.3,4.4,4.2,13.7,5.7,16.5,3.8,3.4,5.1,5.5,9.6,13.5,15.3,17.9,18.8,23.8,26.1,22.8,21.9,24.1,93.9,97.2,92.8,99.0,98.5,95.5,97.7,95.7,94.4,93.3,91.8,91.7,85.0,83.6,84.9,87.1,90.2,73.1,4.8,2.4,5.6,0.4,1.2,4.1,1.9,3.9,4.7,5.4,6.3,6.0,8.5,10.3,8.5,6.3,4.7,15.8,1.3,0.4,1.6,0.6,0.3,0.4,0.4,0.4,0.9,1.3,1.9,2.3,6.5,6.1,6.6,6.6,5.1,11.1,1.7,1.4,1.9,1.8,1.5,1.4,1.3,1.2,1.4,1.7,2.1,2.3,2.9,3.1,3.1,2.4,0.6,3.9,95.2,93.4,95.4,97.2,96.1,97.5,97.0,96.9,97.2,91.9,83.5,1.1,9.5,1.3,4.6,75.1,1.1,19.4,2.1,2.3,87.3,0.8,6.9,1.7,3.3,70.7,1.2,23.8,2.3,2.0,68.6,1.4,25.1,2.6,2.3,54.0,1.2,37.2,3.4,4.2,61.5,1.3,32.0,3.2,2.0,6.4,39.5,46.8,7.3,6.5,13.2,26.7,37.7,10.8,5.1,25.5,26.0,19.2,23.1,3.9,2.3,0.6,9.0,28.3,42.7,13.2,6.2,0.7,8.3,27.1,41.8,14.7,7.4,3.0,18.1,19.2,34.1,17.1,8.5
2022,Total,Estadual,16.9,10.4,17.6,26.4,23.1,28.5,22.4,22.8,22.9,23.4,23.9,27.8,28.4,28.7,28.9,13.5,29.9,31.2,29.8,28.7,20.5,21.1,5.2,7.0,5.0,5.2,4.9,5.3,4.8,4.9,4.9,4.9,4.9,5.4,5.3,5.3,5.3,5.5,5.8,5.4,5.3,4.4,4.2,14.2,6.5,17.0,4.3,3.9,5.8,6.5,10.7,14.1,15.9,18.4,19.3,24.4,26.7,23.4,22.6,24.6,93.8,96.9,92.7,98.9,98.4,95.3,97.3,95.2,94.3,93.2,91.8,91.6,85.0,83.6,84.9,87.1,89.8,74.6,4.9,2.6,5.7,0.5,1.2,4.3,2.2,4.2,4.8,5.4,6.3,6.0,8.4,10.2,8.4,6.2,4.9,14.6,1.3,0.5,1.6,0.6,0.4,0.4,0.5,0.6,0.9,1.4,1.9,2.4,6.6,6.2,6.7,6.7,5.3,10.8,1.8,1.5,1.9,1.8,1.5,1.4,1.4,1.3,1.5,1.7,2.1,2.3,2.9,3.0,3.1,2.4,0.6,3.9,80.5,70.2,81.6,95.8,94.2,96.3,96.6,96.9,96.2,91.6,68.7,0.9,8.8,2.1,19.5,72.9,1.1,19.9,2.2,3.9,85.2,0.8,6.8,1.8,5.4,68.5,1.2,24.5,2.4,3.4,67.1,1.3,26.1,2.7,2.8,50.3,1.1,38.4,3.4,6.8,59.8,1.2,33.1,3.2,2.7,7.3,38.9,45.0,8.8,7.7,13.0,26.4,37.4,10.6,4.9,27.5,24.4,19.1,22.8,4.0,2.2,1.6,9.2,27.9,42.4,12.9,6.0,1.1,8.5,26.9,41.9,14.5,7.1,6.0,18.3,21.1,31.5,15.8,7.3
2022,Urbana,Total,15.8,13.8,17.8,24.0,21.7,27.4,20.6,21.1,21.6,22.3,23.2,27.0,27.4,27.6,27.6,17.5,30.1,31.3,30.0,29.1,23.2,24.4,6.2,7.7,5.0,5.0,4.8,5.2,4.8,4.8,4.9,4.9,4.9,5.2,5.2,5.2,5.2,5.6,5.9,5.5,5.4,4.9,4.3,11.4,6.6,17.0,3.9,4.3,6.0,7.5,11.2,15.0,16.6,18.0,18.4,21.5,23.5,20.7,19.7,30.5,94.7,96.5,92.7,98.7,97.9,94.7,95.7,95.3,93.3,92.6,91.9,93.2,86.7,85.2,86.6,88.8,90.1,79.0,4.3,3.1,5.7,0.8,1.8,5.0,3.9,4.2,5.7,6.0,6.3,4.8,7.8,9.5,7.7,5.6,5.8,9.1,1.0,0.4,1.6,0.5,0.3,0.3,0.4,0.5,1.0,1.4,1.8,2.0,5.5,5.3,5.7,5.6,4.1,11.9,2.3,2.2,2.3,2.7,2.3,2.1,2.0,2.0,2.1,2.2,2.5,2.5,2.9,3.1,3.1,2.5,4.5,4.8,81.2,78.8,84.2,92.1,88.7,95.3,96.7,93.4,94.2,94.2,62.6,0.7,18.3,1.7,16.7,72.2,1.4,15.9,1.8,8.7,75.4,1.4,9.5,1.6,12.1,67.9,1.3,24.4,2.0,4.4,68.8,1.6,24.3,2.7,2.6,37.7,0.7,46.2,2.8,12.6,60.3,1.3,32.9,3.2,2.3,6.3,31.2,49.9,12.6,17.4,17.4,28.2,28.2,5.9,2.9,30.1,18.7,25.0,21.4,3.0,1.8,1.6,13.5,29.3,40.2,10.3,5.1,1.2,10.1,28.9,40.8,12.8,6.2,21.5,33.9,19.4,14.8,7.5,2.9
2022,Total,Total,15.6,13.8,17.4,22.7,21.0,26.3,19.9,20.5,20.8,21.6,22.3,25.9,26.3,26.5,26.4,14.6,29.5,30.7,29.4,28.5,23.3,22.7,6.1,7.5,5.0,5.0,4.8,5.2,4.8,4.8,4.9,4.9,4.9,5.2,5.1,5.2,5.2,5.6,5.9,5.5,5.4,5.1,4.4,12.3,7.1,18.5,4.0,4.4,6.3,8.1,12.5,16.5,18.2,19.7,19.8,22.2,24.2,21.3,20.4,30.8,94.2,96.0,92.1,98.7,97.8,94.2,95.0,94.2,92.4,91.9,91.3,92.9,86.6,85.1,86.5,88.7,89.9,79.2,4.7,3.5,6.0,0.8,1.8,5.4,4.5,5.2,6.3,6.4,6.5,4.8,7.7,9.4,7.6,5.5,6.0,9.3,1.1,0.5,1.9,0.5,0.4,0.4,0.5,0.6,1.3,1.7,2.2,2.3,5.7,5.5,5.9,5.8,4.1,11.5,2.3,2.2,2.3,2.6,2.3,2.1,2.0,2.0,2.1,2.2,2.5,2.5,2.9,3.1,3.1,2.4,4.2,4.6,80.1,78.2,82.4,90.0,87.1,92.6,96.3,93.6,88.6,94.2,62.0,0.7,17.9,1.7,17.7,67.6,1.2,18.3,1.8,11.1,73.8,1.3,9.6,1.6,13.7,59.9,1.1,28.9,2.1,8.0,67.6,1.6,25.1,2.7,3.0,29.2,0.6,43.4,2.5,24.3,58.8,1.3,33.9,3.2,2.8,9.0,30.9,45.6,14.5,20.5,17.5,27.1,26.9,5.4,2.6,32.7,17.4,24.3,21.0,2.9,1.7,5.1,15.0,28.1,38.0,9.3,4.5,1.3,10.5,28.8,40.8,12.6,6.0,25.4,30.9,19.5,13.1,8.5,2.6
2022,Urbana,Publica,17.9,15.7,19.8,25.6,23.5,28.6,22.3,22.8,23.4,24.2,25.0,28.2,28.7,28.7,28.7,18.5,30.6,31.9,30.5,29.4,23.5,25.5,6.1,7.7,5.0,5.1,4.9,5.2,4.8,4.9,4.9,4.9,5.0,5.2,5.2,5.2,5.2,5.6,5.9,5.5,5.4,5.0,4.9,13.0,7.1,19.5,3.6,4.1,6.4,8.3,12.8,17.4,19.1,20.6,21.0,23.7,25.9,22.8,21.8,28.4,93.8,95.7,91.6,98.6,97.5,93.5,94.8,94.4,92.1,91.4,90.6,92.2,85.2,83.7,85.0,87.3,90.1,78.0,5.1,3.8,6.5,0.8,2.1,6.0,4.8,5.0,6.6,6.9,7.2,5.4,8.5,10.3,8.5,6.3,5.9,13.8,1.1,0.5,1.9,0.6,0.4,0.5,0.4,0.6,1.3,1.7,2.2,2.4,6.3,6.0,6.5,6.4,4.0,8.2,1.9,1.7,2.2,2.1,1.8,1.7,1.6,1.5,1.8,2.1,2.4,2.4,2.9,3.1,3.1,2.5,4.7,2.9,86.3,83.2,89.9,94.8,92.9,96.6,97.1,97.6,94.2,93.3,68.1,0.7,17.5,1.7,12.0,74.7,1.2,16.8,1.9,5.4,80.2,1.3,9.6,1.7,7.2,68.0,1.2,25.5,2.1,3.2,68.7,1.5,24.7,2.8,2.3,38.7,0.7,44.7,2.8,13.1,61.3,1.3,32.0,3.2,2.2,6.1,33.7,50.0,10.2,15.5,17.6,27.4,29.6,6.6,3.3,28.8,20.8,24.1,21.5,3.0,1.8,0.9,12.6,28.8,40.7,11.3,5.7,0.8,9.8,27.5,41.0,13.9,7.0,15.5,37.1,19.1,13.3,10.8,4.2
2022,Total,Publica,17.4,15.6,18.9,23.6,22.3,27.0,21.1,21.7,22.1,23.0,23.6,26.7,27.1,27.2,27.0,14.7,29.9,31.2,29.8,28.7,23.7,22.5,5.9,7.5,4.9,5.0,4.9,5.2,4.8,4.9,4.9,4.9,4.9,5.2,5.2,5.2,5.2,5.6,5.9,5.5,5.4,5.0,4.9,13.8,7.7,21.0,3.7,4.2,6.7,9.0,14.1,18.8,20.7,22.3,22.4,24.3,26.5,23.4,22.6,28.9,93.3,95.3,91.0,98.6,97.5,93.2,94.1,93.2,91.3,90.8,90.1,92.0,85.1,83.6,85.1,87.3,89.7,78.4,5.4,4.2,6.8,0.8,2.0,6.3,5.3,6.0,7.2,7.3,7.3,5.3,8.4,10.2,8.3,6.2,6.2,13.2,1.3,0.5,2.2,0.6,0.5,0.5,0.6,0.8,1.5,1.9,2.6,2.7,6.5,6.2,6.6,6.5,4.1,8.4,2.0,1.8,2.2,2.1,1.8,1.7,1.6,1.6,1.8,2.1,2.4,2.4,2.9,3.1,3.1,2.5,4.5,3.1,84.1,81.9,86.5,91.7,90.1,93.0,96.7,97.6,88.5,93.2,66.7,0.7,17.1,1.7,13.8,68.3,1.1,19.6,1.9,9.1,77.3,1.2,9.6,1.7,10.2,58.5,1.0,30.6,2.1,7.8,67.4,1.5,25.6,2.8,2.7,29.2,0.5,42.1,2.4,25.8,59.6,1.3,33.2,3.2,2.7,9.5,32.4,44.7,13.4,19.4,17.7,26.2,27.8,6.0,2.9,32.3,18.7,23.4,21.1,2.8,1.7,5.5,14.5,27.4,37.9,9.9,4.8,1.2,10.1,27.4,41.0,13.6,6.7,22.8,32.0,19.4,11.7,10.9,3.2
2022,Urbana,Municipal,17.9,15.7,19.8,24.7,23.4,27.9,22.1,22.6,23.3,24.2,25.0,27.9,28.2,27.9,27.6,19.3,28.4,29.2,28.6,27.8,23.1,22.0,6.1,7.7,5.0,5.0,4.9,5.1,4.8,4.9,4.9,4.9,5.0,5.1,5.1,5.1,5.1,5.0,5.1,5.0,4.9,4.7,3.0,12.6,7.4,22.8,3.6,4.2,6.6,8.9,13.5,21.1,22.9,23.8,23.7,16.2,18.1,14.5,14.6,42.8,93.7,95.5,90.3,98.6,97.3,93.1,94.2,94.1,89.9,89.4,89.2,92.8,91.7,90.4,91.5,93.3,88.8,100.0,5.2,4.0,7.5,0.9,2.3,6.4,5.3,5.2,8.4,8.4,8.2,4.7,4.9,6.3,5.2,3.4,2.0,0.0,1.1,0.5,2.2,0.5,0.4,0.5,0.5,0.7,1.7,2.2,2.6,2.5,3.4,3.3,3.3,3.3,9.2,0.0,2.0,1.8,2.5,2.1,1.9,1.8,1.6,1.6,2.2,2.4,2.8,2.6,2.5,2.4,2.4,2.2,12.1,0.0,86.3,83.1,89.8,93.3,92.2,95.5,97.9,94.9,88.3,93.9,68.1,0.7,17.5,1.7,12.0,74.5,1.3,15.6,1.8,6.8,78.9,1.3,10.0,1.8,8.0,65.0,1.2,27.4,1.8,4.6,69.4,1.1,26.0,2.1,1.4,32.7,0.5,47.6,2.5,16.7,47.1,1.6,48.6,1.3,1.4,6.0,31.5,51.1,11.4,20.2,19.3,26.8,25.8,4.9,3.0,28.9,19.3,25.4,21.8,2.8,1.8,1.1,16.2,27.2,39.2,10.1,6.2,0.7,9.5,22.7,42.4,15.7,9.0,20.7,45.0,18.9,4.7,8.3,2.4
2022,Total,Municipal,17.4,15.6,18.9,22.6,22.2,25.8,20.9,21.6,22.0,22.9,23.5,25.9,26.1,25.9,25.3,14.8,26.9,27.6,27.1,26.3,22.4,17.3,5.9,7.5,4.9,5.0,4.9,5.1,4.8,4.9,4.9,4.9,5.0,5.1,5.1,5.1,5.1,4.9,4.9,5.0,4.9,4.6,3.1,13.7,7.9,24.7,3.6,4.2,6.8,9.4,14.8,22.6,24.8,25.9,25.6,21.3,27.3,17.0,17.2,47.7,93.1,95.0,89.5,98.6,97.4,92.8,93.6,92.9,88.9,88.6,88.5,92.3,91.4,90.2,91.1,93.1,90.5,98.1,5.6,4.4,7.8,0.9,2.2,6.7,5.9,6.4,9.2,8.8,8.3,4.6,4.6,5.7,5.0,3.1,1.7,1.9,1.3,0.6,2.7,0.5,0.4,0.5,0.5,0.7,1.9,2.6,3.2,3.1,4.0,4.1,3.9,3.8,7.8,0.0,2.0,1.8,2.5,2.1,1.9,1.8,1.7,1.6,2.1,2.4,2.8,2.6,2.4,2.2,2.4,2.2,10.4,0.0,84.2,81.9,86.5,89.6,89.4,90.0,93.4,93.6,77.3,93.9,66.7,0.7,17.2,1.7,13.7,66.6,1.1,19.5,1.8,11.0,76.0,1.3,10.1,1.7,10.9,51.0,0.9,35.2,1.9,11.0,63.9,0.9,28.2,2.1,4.9,23.3,0.4,43.2,2.1,31.0,43.9,1.4,48.7,1.3,4.7,10.2,30.7,44.3,14.8,24.6,19.1,25.2,24.1,4.4,2.6,32.6,17.3,24.5,21.2,2.7,1.7,8.7,18.5,25.2,34.7,8.1,4.8,1.4,10.8,23.2,42.4,14.2,8.0,27.6,35.9,18.8,6.1,9.6,2.0
2022,Rural,Estadual,10.2,9.1,10.5,15.4,13.1,18.1,12.5,12.8,12.7,13.5,14.1,17.8,18.0,18.4,18.3,12.0,21.1,22.9,21.1,19.6,18.2,14.7,4.7,4.7,4.7,4.8,4.6,4.9,4.6,4.6,4.6,4.6,4.6,4.9,4.9,4.9,4.8,5.1,5.3,5.0,4.9,5.0,4.2,23.4,16.4,27.0,10.5,10.7,15.1,18.9,24.6,24.6,26.3,28.5,28.5,35.6,36.5,34.3,36.0,37.4,91.6,93.1,90.8,97.4,96.4,91.6,92.3,89.2,91.9,91.2,90.4,89.8,84.5,82.9,84.8,86.9,79.8,79.3,5.9,5.4,6.2,1.3,2.4,7.2,6.2,8.7,6.2,6.4,6.2,6.1,6.6,8.1,6.3,4.8,9.6,11.3,2.5,1.5,3.0,1.3,1.2,1.2,1.5,2.1,1.9,2.4,3.4,4.1,8.9,9.0,8.9,8.3,10.6,9.4,2.3,2.1,2.4,2.5,2.1,1.9,1.9,1.9,2.4,2.1,2.6,2.7,2.7,2.8,2.9,2.3,0.6,4.0,44.6,39.1,45.5,81.9,73.9,83.8,91.9,96.9,85.8,71.0,31.8,0.2,7.0,4.0,57.0,50.5,0.7,24.5,3.1,21.2,63.7,0.4,5.9,3.1,26.9,45.9,0.7,31.0,3.1,19.3,51.1,0.8,37.1,3.3,7.7,29.9,0.6,45.1,3.6,20.8,39.7,0.7,47.0,3.7,8.9,11.7,36.0,36.4,15.9,19.6,8.9,20.4,36.4,10.4,4.3,46.9,6.3,19.6,20.2,5.0,2.0,11.1,9.2,20.8,41.7,12.2,5.0,4.1,9.3,21.4,43.3,14.9,7.0,19.7,19.0,30.0,19.0,9.8,2.5
2022,Rural,Total,14.6,14.6,14.5,16.7,16.1,19.5,15.2,15.9,15.7,16.5,17.3,19.7,19.7,19.7,18.9,14.3,21.7,23.6,21.6,20.0,24.9,15.6,4.9,5.5,4.6,5.0,4.9,5.1,4.8,4.9,4.9,4.9,4.9,5.1,5.1,5.1,5.1,5.5,5.7,5.4,5.4,8.2,5.0,18.5,10.3,30.6,4.3,4.7,8.3,12.3,20.1,27.5,30.7,32.6,31.7,34.4,35.5,33.1,34.2,34.1,90.8,93.1,87.5,98.5,97.5,91.4,91.0,87.8,86.3,86.7,86.9,90.4,85.2,83.5,85.5,87.7,86.7,80.5,7.0,6.0,8.5,0.7,1.8,7.8,8.0,10.8,10.8,9.6,8.4,4.8,6.6,8.2,6.2,4.6,8.4,10.8,2.2,0.9,4.0,0.8,0.7,0.8,1.0,1.4,2.9,3.7,4.7,4.8,8.2,8.3,8.3,7.7,4.9,8.7,2.1,2.0,2.4,2.3,2.0,1.9,1.9,1.8,2.0,2.2,2.6,2.6,2.7,2.9,2.9,2.3,0.6,3.6,70.9,67.8,72.6,79.2,77.4,80.8,92.0,97.2,63.8,92.0,56.2,0.8,14.3,1.4,27.3,45.4,0.7,29.6,2.0,22.3,64.0,1.1,9.9,1.5,23.5,30.3,0.4,45.5,2.3,21.5,52.3,1.1,35.6,3.4,7.6,10.4,0.2,37.1,1.7,50.6,39.6,0.7,46.4,3.6,9.7,15.0,30.2,36.0,18.8,32.5,15.7,20.6,24.5,4.6,2.1,45.2,8.3,21.9,20.4,2.8,1.4,19.0,18.8,20.9,31.8,6.5,3.0,3.9,13.0,23.4,40.5,13.1,6.1,34.8,23.8,19.8,9.1,11.0,1.5
2022,Rural,Publica,14.6,14.7,14.5,16.6,16.2,19.5,15.2,15.9,15.7,16.5,17.3,19.7,19.7,19.7,18.8,14.3,21.6,23.5,21.5,19.9,27.3,15.6,4.8,5.5,4.6,5.0,4.9,5.1,4.8,4.9,4.9,4.9,4.9,5.1,5.1,5.1,5.1,5.3,5.5,5.3,5.2,5.3,4.9,18.7,10.3,30.8,4.3,4.7,8.3,12.4,20.2,27.7,31.0,32.8,32.0,34.9,35.9,33.6,34.8,37.8,90.7,93.0,87.4,98.5,97.5,91.3,90.9,87.7,86.2,86.6,86.7,90.4,84.9,83.2,85.2,87.4,83.4,80.3,7.1,6.1,8.6,0.7,1.8,7.9,8.1,10.9,10.9,9.6,8.4,4.8,6.8,8.3,6.4,4.7,11.0,11.0,2.2,0.9,4.0,0.8,0.7,0.8,1.0,1.4,2.9,3.8,4.9,4.8,8.3,8.5,8.4,7.9,5.6,8.7,2.1,1.9,2.3,2.2,1.9,1.9,1.8,1.8,2.0,2.2,2.6,2.5,2.6,2.7,2.8,2.2,0.6,3.7,71.2,68.1,72.8,79.3,77.6,80.8,92.3,97.8,63.7,86.7,56.5,0.8,14.3,1.4,27.0,45.3,0.7,29.7,2.0,22.3,64.2,1.1,10.0,1.5,23.2,30.1,0.4,45.6,2.3,21.6,52.4,1.1,35.7,3.3,7.5,10.4,0.2,37.0,1.7,50.7,39.7,0.7,46.5,3.6,9.5,15.1,30.2,35.9,18.8,32.6,15.6,20.5,24.5,4.6,2.2,45.1,8.3,21.8,20.5,2.9,1.4,19.2,18.8,20.7,31.8,6.5,3.0,4.0,12.3,23.0,41.0,13.4,6.3,34.8,23.6,19.9,9.2,11.1,1.4
2022,Rural,Municipal,14.7,14.7,14.6,16.8,16.4,19.8,15.4,16.2,16.0,16.8,17.5,20.1,20.1,20.0,19.0,14.5,19.9,22.3,18.0,17.6,19.2,8.0,4.9,5.5,4.6,5.0,4.9,5.1,4.8,4.9,4.9,4.9,4.9,5.2,5.1,5.1,5.2,4.1,3.9,4.5,4.4,3.8,3.5,18.1,9.9,31.6,3.9,4.3,7.9,12.0,19.9,28.3,31.9,33.7,32.8,55.1,66.5,39.6,41.6,77.1,90.6,93.0,86.7,98.6,97.6,91.3,90.9,87.6,85.1,85.7,86.0,90.5,89.7,89.4,87.8,91.5,100.0,88.9,7.2,6.1,9.0,0.7,1.8,7.9,8.2,11.1,11.8,10.3,8.9,4.5,2.6,3.3,3.1,0.7,0.0,11.1,2.2,0.9,4.3,0.7,0.6,0.8,0.9,1.3,3.1,4.0,5.1,5.0,7.7,7.3,9.1,7.8,0.0,0.0,2.0,1.9,2.3,2.2,1.9,1.9,1.8,1.8,1.9,2.2,2.6,2.4,1.9,1.7,2.6,1.9,0.0,0.0,71.6,68.4,73.3,78.8,77.9,80.2,75.3,76.6,55.6,91.3,56.9,0.8,14.4,1.4,26.5,44.6,0.7,30.4,1.8,22.5,64.2,1.2,10.2,1.4,23.0,27.3,0.4,48.2,2.2,21.9,33.9,0.3,39.7,2.6,23.5,8.2,0.1,36.1,1.5,54.1,21.8,0.0,49.2,1.4,27.6,15.5,29.6,35.8,19.1,34.5,16.7,20.5,22.7,3.7,1.9,45.0,8.4,22.0,20.5,2.7,1.4,20.8,20.9,20.7,29.6,5.3,2.7,4.2,15.8,25.0,42.1,8.5,4.4,36.5,24.1,18.7,8.0,11.2,1.5
2024,Rural,Federal,9.3,7.3,13.5,,,,,,,,,,,,,,30.4,33.3,30.0,27.7,30.3,28.8,4.0,4.1,4.0,,,,,,,,,,,,,8.6,8.8,8.7,8.5,5.5,7.6,,,,,,,,,,,,,17.3,16.4,15.9,19.3,31.0,,,,,,,,,,,,,92.5,89.9,93.5,95.3,87.9,92.0,,,,,,,,,,,,,6.5,8.8,5.6,4.0,11.4,5.4,,,,,,,,,,,,,1.0,1.3,0.9,0.7,0.7,2.6,,,,,,,,,,,,,1.9,3.0,1.6,0.9,0.2,1.4,92.3,100.0,75.0,,,,99.2,99.2,98.4,,84.6,0.0,7.7,0.0,7.7,,,,,,,,,,,,,,,,78.1,8.6,9.0,3.5,0.8,,,,,,83.7,6.4,6.6,2.3,1.0,0.0,8.8,79.1,12.1,,,,,,,,,,,,,,,,,,,2.0,40.2,37.4,19.0,1.1,0.3,1.1,21.3,28.7,39.4,9.5,0.0
2024,Urbana,Privada,12.3,11.3,13.7,19.0,17.0,23.0,16.2,16.1,17.4,17.8,17.8,22.6,22.9,23.2,23.5,11.8,27.0,27.6,26.8,26.8,20.1,21.3,6.6,7.7,5.2,4.8,4.6,5.0,4.6,4.6,4.6,4.6,4.6,5.0,5.0,5.0,5.1,5.8,5.8,5.8,5.9,4.4,3.2,4.4,4.1,4.9,2.3,3.2,4.7,5.4,4.8,5.0,4.8,4.8,5.0,5.2,5.9,5.3,4.3,62.6,99.1,99.4,98.6,99.4,99.5,99.3,99.5,99.4,98.8,98.6,98.6,98.4,97.5,96.4,97.9,99.2,95.0,79.5,0.9,0.5,1.3,0.5,0.4,0.6,0.5,0.6,1.2,1.4,1.3,1.5,2.1,3.4,1.9,0.7,1.2,1.6,0.0,0.1,0.1,0.1,0.1,0.1,0.0,0.0,0.0,0.0,0.1,0.1,0.4,0.2,0.2,0.1,3.8,18.9,4.4,4.9,3.6,5.4,5.1,4.8,4.6,4.6,3.9,3.6,3.4,3.5,3.0,3.1,3.2,2.3,2.4,8.9,71.3,72.7,70.9,83.7,77.9,90.5,94.5,89.0,93.2,94.0,52.0,0.8,20.2,1.8,25.2,64.9,1.6,13.5,1.4,18.6,64.3,1.5,9.0,1.2,24.0,65.8,1.8,21.3,1.7,9.4,70.8,1.9,20.4,2.1,4.8,27.2,1.2,61.1,2.7,7.8,46.2,2.1,43.7,3.2,4.8,8.7,29.1,47.0,15.2,21.2,15.0,29.8,26.9,4.7,2.4,32.0,12.6,28.8,21.8,3.4,1.4,3.3,14.6,28.4,41.1,8.4,4.2,1.4,10.0,31.9,41.2,10.4,5.1,34.2,27.1,19.8,18.2,0.5,0.2
2024,Total,Privada,12.3,11.3,13.7,19.0,17.0,23.0,16.1,16.1,17.4,17.8,17.8,22.6,22.9,23.2,23.5,11.7,26.9,27.6,26.8,26.7,18.5,21.2,6.5,7.7,5.2,4.8,4.6,5.0,4.6,4.6,4.6,4.6,4.6,5.0,5.0,5.0,5.1,5.9,5.9,5.9,5.9,8.9,3.2,4.4,4.1,4.9,2.3,3.2,4.7,5.5,4.8,5.0,4.8,4.9,5.0,5.5,6.1,5.5,4.5,43.3,99.1,99.4,98.6,99.3,99.5,99.3,99.5,99.4,98.8,98.6,98.6,98.4,97.4,96.4,97.9,99.1,96.1,79.6,0.9,0.5,1.3,0.5,0.4,0.6,0.5,0.6,1.2,1.4,1.3,1.5,2.1,3.4,1.9,0.7,1.2,1.6,0.0,0.1,0.1,0.2,0.1,0.1,0.0,0.0,0.0,0.0,0.1,0.1,0.5,0.2,0.2,0.2,2.7,18.8,4.4,4.9,3.7,5.4,5.1,4.8,4.6,4.6,3.9,3.6,3.5,3.6,3.0,3.1,3.2,2.4,1.3,9.0,71.2,72.5,70.7,83.6,77.8,90.4,94.4,89.0,92.9,94.0,51.9,0.8,20.2,1.8,25.3,64.7,1.6,13.5,1.4,18.8,64.2,1.5,9.0,1.2,24.1,65.7,1.8,21.4,1.7,9.4,70.4,1.9,20.6,2.2,4.9,27.2,1.2,61.0,2.7,7.9,45.9,2.0,43.7,3.4,5.0,8.7,29.1,46.9,15.3,21.2,15.0,29.8,26.9,4.7,2.4,32.0,12.6,28.8,21.8,3.4,1.4,3.2,14.7,28.5,41.0,8.4,4.2,1.3,10.3,32.0,41.0,10.3,5.1,34.2,27.4,19.7,18.0,0.5,0.2
2024,Total,Federal,12.3,10.0,14.6,26.0,22.1,28.0,18.6,22.1,23.0,24.1,23.0,27.1,28.2,28.8,27.8,,30.5,34.3,31.0,28.1,23.3,27.6,6.1,6.7,5.8,5.1,4.8,5.2,4.8,4.9,4.8,4.8,4.8,5.2,5.2,5.2,5.2,7.5,7.7,7.7,7.6,5.4,6.2,9.8,4.4,12.1,1.8,3.1,5.0,6.2,5.3,7.7,12.9,13.3,13.8,17.4,16.0,15.8,19.0,30.3,97.3,98.8,96.8,98.6,98.9,98.8,99.3,98.3,97.9,96.7,96.6,96.4,92.0,89.3,92.7,94.8,91.7,92.0,2.6,1.0,3.1,0.6,0.5,1.1,0.7,1.7,2.1,3.3,3.4,3.5,6.7,9.3,6.2,4.2,6.2,5.7,0.1,0.2,0.1,0.8,0.6,0.1,0.0,0.0,0.0,0.0,0.0,0.1,1.3,1.4,1.1,1.0,2.1,2.3,26.6,41.1,20.6,38.9,43.3,42.0,41.3,39.9,21.9,21.3,19.7,19.8,4.2,5.5,5.2,2.6,0.4,1.0,89.3,87.7,91.1,98.1,96.5,98.8,99.1,99.0,99.1,85.9,56.4,2.3,26.3,7.7,7.3,87.2,4.4,4.6,1.0,2.8,82.4,6.5,5.4,0.5,5.2,89.4,3.5,4.3,1.3,1.5,80.2,8.2,6.7,3.9,1.0,68.9,6.0,17.5,5.5,2.1,83.3,6.7,6.4,2.9,0.7,0.4,9.2,74.0,16.4,11.9,40.1,29.8,15.9,1.9,0.4,33.6,27.8,27.8,9.0,1.1,0.7,2.0,43.3,32.4,19.5,2.5,0.3,2.1,34.4,35.0,26.3,1.8,0.4,1.3,15.4,29.9,36.7,15.8,0.9
2024,Urbana,Federal,12.6,10.3,14.7,26.0,22.1,28.0,18.6,22.1,23.0,24.1,23.0,27.1,28.2,28.8,27.8,,30.6,34.5,31.2,28.1,23.0,27.4,6.3,6.9,5.9,5.1,4.8,5.2,4.8,4.9,4.8,4.8,4.8,5.2,5.2,5.2,5.2,7.3,7.5,7.5,7.4,5.4,6.1,9.8,4.4,12.1,1.8,3.1,5.0,6.2,5.3,7.7,12.9,13.3,13.8,17.4,15.9,15.8,19.0,30.3,97.3,98.8,96.8,98.6,98.9,98.8,99.3,98.3,97.9,96.7,96.6,96.4,91.9,89.2,92.6,94.7,91.9,92.0,2.6,1.0,3.1,0.6,0.5,1.1,0.7,1.7,2.1,3.3,3.4,3.5,6.7,9.4,6.3,4.2,5.9,5.7,0.1,0.2,0.1,0.8,0.6,0.1,0.0,0.0,0.0,0.0,0.0,0.1,1.4,1.4,1.1,1.1,2.2,2.3,26.6,41.1,20.6,38.9,43.3,42.0,41.3,39.9,21.9,21.3,19.7,19.8,4.5,5.9,5.8,2.9,0.4,1.0,89.2,86.8,91.4,98.1,96.5,98.8,99.1,99.0,99.2,85.9,55.8,2.4,26.7,7.9,7.2,87.2,4.4,4.6,1.0,2.8,82.4,6.5,5.4,0.5,5.2,89.4,3.5,4.3,1.3,1.5,80.6,8.1,6.3,4.0,1.0,68.9,6.0,17.5,5.5,2.1,83.2,6.8,6.3,3.0,0.7,0.5,9.3,73.2,17.0,11.9,40.1,29.8,15.9,1.9,0.4,33.6,27.8,27.8,9.0,1.1,0.7,2.0,43.3,32.4,19.5,2.5,0.3,2.1,33.4,34.6,27.5,1.9,0.5,1.3,14.5,30.1,36.3,16.8,1.0
2024,Rural,Privada,14.0,13.5,14.5,17.3,15.4,21.3,14.4,14.6,15.9,16.4,16.2,19.9,21.2,21.8,22.2,10.7,23.6,25.8,24.6,21.5,17.1,6.8,5.8,6.6,5.0,5.4,4.6,6.5,4.5,4.6,4.7,4.7,4.7,6.1,6.4,6.8,6.8,10.2,10.3,10.2,9.8,13.7,7.4,7.4,5.4,10.2,2.0,4.2,6.7,7.0,7.7,8.5,10.6,10.7,10.8,18.7,19.1,17.7,19.0,22.3,98.1,98.9,97.0,99.0,99.0,98.4,99.2,98.8,96.6,96.6,97.1,97.6,95.2,93.4,95.5,97.3,97.3,100.0,1.7,1.0,2.7,0.8,0.9,1.4,0.7,1.1,3.3,3.1,2.5,1.9,2.8,4.1,2.6,1.5,1.1,0.0,0.2,0.1,0.3,0.2,0.1,0.2,0.1,0.1,0.1,0.3,0.4,0.5,2.0,2.5,1.9,1.2,1.6,0.0,6.6,5.8,7.7,6.3,5.9,5.9,5.6,5.1,5.4,8.8,8.6,7.8,4.6,4.3,4.9,5.2,0.1,15.4,60.7,60.9,61.5,75.3,68.4,83.1,87.9,85.5,87.1,93.8,46.2,0.9,13.7,1.4,37.8,53.6,1.1,16.0,1.5,27.8,54.4,1.0,9.0,1.1,34.5,52.2,1.4,28.3,2.3,15.8,49.6,1.1,32.9,7.4,9.0,29.6,0.0,53.7,1.8,14.9,31.3,0.0,44.5,11.2,13.0,11.0,27.0,43.4,18.6,22.5,16.9,30.7,25.1,3.0,1.8,35.1,13.3,27.3,20.8,2.1,1.4,5.7,17.8,33.9,35.2,4.6,2.8,2.4,26.0,34.7,28.6,4.9,3.4,34.2,44.6,15.1,5.9,0.0,0.2
2024,Urbana,Estadual,18.3,11.7,18.8,27.4,23.8,29.0,22.9,23.2,24.1,24.2,24.5,28.2,29.1,29.2,29.3,16.4,30.0,31.8,29.9,28.5,20.1,23.5,5.3,8.5,5.2,5.4,5.0,5.5,5.0,5.0,5.0,5.1,5.1,5.6,5.5,5.5,5.5,5.8,6.0,5.7,5.5,4.3,4.8,12.0,5.9,14.0,1.8,3.5,7.0,7.7,8.7,12.1,13.7,14.9,15.3,19.1,22.3,18.8,15.4,25.3,95.5,97.9,94.7,99.1,98.6,96.4,98.3,97.5,95.1,94.8,94.7,94.2,90.7,87.6,91.0,94.5,94.4,77.1,3.6,1.7,4.3,0.4,1.1,3.2,1.4,2.2,4.2,4.3,4.2,4.3,5.7,8.2,5.4,2.8,2.4,12.1,0.9,0.4,1.0,0.5,0.3,0.4,0.3,0.3,0.7,0.9,1.1,1.5,3.6,4.2,3.6,2.7,3.2,10.8,1.4,1.1,1.5,1.3,1.1,1.0,1.0,0.9,1.2,1.4,1.6,1.8,2.6,2.8,2.8,2.0,0.3,5.4,94.5,91.3,94.8,97.2,96.8,97.4,96.8,93.3,96.8,97.9,85.3,1.0,7.2,1.1,5.4,77.3,1.0,17.2,2.1,2.4,89.4,0.6,4.5,2.2,3.3,72.8,1.1,21.8,2.0,2.3,69.3,1.3,24.2,2.5,2.7,54.2,1.0,39.1,3.0,2.7,59.0,1.0,34.3,3.1,2.6,8.4,39.7,45.3,6.6,6.4,13.4,28.2,38.3,9.6,4.1,26.5,27.1,19.6,21.4,3.6,1.8,0.5,9.2,30.1,43.7,11.6,4.9,0.7,8.2,29.3,42.5,13.2,6.1,3.2,18.8,19.4,34.5,16.5,7.6
2024,Total,Estadual,15.8,10.4,16.4,26.1,22.8,28.1,21.8,22.3,23.0,23.2,23.4,27.5,28.3,28.4,28.4,12.8,29.2,31.0,29.1,27.7,19.9,20.1,5.3,6.9,5.2,5.4,5.0,5.5,4.9,5.0,5.0,5.1,5.1,5.6,5.5,5.5,5.4,5.8,6.0,5.7,5.5,4.5,4.7,12.5,6.7,14.5,2.1,4.0,7.8,8.6,9.9,12.6,14.1,15.4,15.8,19.8,22.8,19.5,16.2,26.0,95.4,97.7,94.7,99.1,98.5,96.2,98.1,97.1,95.0,94.7,94.7,94.2,90.8,87.7,91.1,94.5,94.1,80.3,3.7,1.9,4.3,0.4,1.2,3.4,1.6,2.5,4.2,4.4,4.1,4.3,5.5,8.0,5.2,2.7,2.7,10.1,0.9,0.4,1.0,0.5,0.3,0.4,0.3,0.4,0.8,0.9,1.2,1.5,3.7,4.3,3.7,2.8,3.2,9.6,1.4,1.1,1.5,1.3,1.2,1.1,1.0,1.0,1.2,1.4,1.6,1.8,2.6,2.8,2.7,2.0,0.3,5.5,77.9,62.9,80.1,95.8,94.6,96.1,96.4,93.4,95.8,97.8,67.9,0.7,7.3,1.6,22.5,74.7,1.0,18.0,2.2,4.1,87.1,0.6,4.6,2.3,5.4,70.2,1.1,22.8,2.2,3.7,67.5,1.3,25.4,2.8,3.0,50.3,0.9,40.4,3.0,5.4,56.9,1.0,35.5,3.1,3.5,8.9,39.1,43.8,8.2,7.8,13.2,27.8,37.9,9.4,3.9,28.6,25.2,19.5,21.3,3.6,1.8,1.9,9.3,29.6,43.2,11.3,4.7,1.1,8.5,29.1,42.5,12.9,5.9,5.9,18.8,21.4,32.0,15.4,6.5
2024,Urbana,Total,15.6,13.6,17.7,23.8,21.7,27.1,20.3,20.8,22.1,22.6,22.8,26.6,27.2,27.2,27.3,16.4,29.6,31.2,29.4,28.2,21.4,23.6,6.4,7.8,5.2,5.2,5.0,5.4,4.9,5.0,5.0,5.0,5.0,5.4,5.3,5.4,5.4,5.8,6.0,5.8,5.6,4.8,4.6,10.1,6.7,14.4,2.0,4.1,7.7,9.3,10.0,13.7,14.7,15.0,14.3,17.2,19.9,16.9,13.9,29.0,96.3,97.7,94.5,99.1,98.3,96.4,97.3,97.7,94.1,94.0,94.5,95.5,91.7,88.8,92.0,95.2,93.3,81.6,3.2,2.1,4.6,0.7,1.5,3.4,2.5,2.1,5.2,5.1,4.5,3.4,5.2,7.6,4.9,2.5,4.0,7.4,0.5,0.2,0.9,0.2,0.2,0.2,0.2,0.2,0.7,0.9,1.0,1.1,3.1,3.6,3.1,2.3,2.7,11.0,2.1,2.1,2.1,2.5,2.2,2.1,1.9,1.9,2.0,2.0,2.1,2.1,2.7,2.9,2.9,2.1,0.4,5.4,83.7,82.3,85.4,92.2,89.3,95.1,96.4,92.1,93.7,94.3,64.7,0.7,18.2,1.9,14.5,73.3,1.2,15.0,1.8,8.7,76.8,1.2,8.8,1.8,11.4,68.5,1.3,23.8,1.9,4.5,69.9,1.6,23.1,2.5,2.9,35.5,0.7,47.9,2.7,13.2,57.9,1.2,35.1,3.1,2.7,7.5,33.7,48.2,10.6,17.8,18.1,28.8,27.8,5.2,2.3,30.2,19.3,25.2,20.9,2.9,1.5,1.6,14.2,30.5,40.3,9.2,4.2,1.1,10.1,30.8,41.4,11.5,5.1,22.5,34.0,19.4,14.8,6.9,2.4
2024,Total,Total,15.4,13.7,17.3,22.4,20.9,25.9,19.6,20.2,21.3,21.9,21.9,25.5,26.1,26.0,25.9,13.9,28.9,30.6,28.8,27.5,21.3,21.8,6.2,7.6,5.1,5.1,5.0,5.3,4.9,5.0,5.0,5.0,5.0,5.3,5.3,5.4,5.4,5.8,6.0,5.8,5.6,5.2,4.7,10.9,7.1,15.7,2.1,4.2,8.1,9.9,11.1,15.0,15.9,16.2,15.6,17.8,20.4,17.6,14.7,29.4,96.0,97.4,94.1,99.1,98.3,96.0,96.9,97.1,93.5,93.6,94.2,95.4,91.7,88.9,92.1,95.2,93.0,83.0,3.4,2.3,4.8,0.6,1.5,3.8,2.9,2.6,5.6,5.4,4.6,3.4,5.1,7.4,4.8,2.5,4.2,6.9,0.6,0.3,1.1,0.3,0.2,0.2,0.2,0.3,0.9,1.0,1.2,1.2,3.2,3.7,3.1,2.3,2.8,10.1,2.0,2.0,2.0,2.4,2.1,2.0,1.9,1.8,1.9,2.0,2.1,2.1,2.7,2.9,2.9,2.1,0.4,5.4,82.4,81.4,83.7,90.4,88.0,92.6,96.1,92.2,87.9,94.3,64.1,0.7,17.8,1.8,15.6,68.8,1.1,17.5,1.9,10.7,75.3,1.2,8.9,1.8,12.8,60.4,1.1,28.6,2.1,7.8,68.4,1.6,24.1,2.7,3.2,27.0,0.5,44.6,2.4,25.5,56.1,1.1,36.1,3.1,3.6,8.9,32.7,45.3,13.1,20.9,18.1,27.7,26.4,4.8,2.1,32.6,18.0,24.6,20.6,2.8,1.4,5.4,15.5,29.3,37.8,8.3,3.7,1.2,10.5,30.7,41.3,11.3,5.0,25.8,31.0,19.7,13.3,8.0,2.2
2024,Urbana,Publica,17.6,15.4,19.6,25.4,23.5,28.2,22.0,22.6,23.9,24.4,24.7,27.8,28.5,28.4,28.3,17.3,30.0,31.9,29.9,28.4,21.4,24.8,6.3,7.8,5.2,5.2,5.1,5.4,5.0,5.1,5.1,5.1,5.1,5.4,5.4,5.5,5.4,5.8,6.1,5.8,5.6,4.9,5.2,11.6,7.4,16.6,1.9,4.3,8.5,10.4,11.5,15.8,16.9,17.3,16.5,19.0,22.0,18.7,15.5,27.8,95.6,97.3,93.6,99.0,98.0,95.6,96.7,97.2,93.0,93.0,93.6,94.8,90.7,87.6,91.1,94.5,93.3,82.4,3.8,2.5,5.3,0.7,1.8,4.1,3.1,2.5,6.1,6.0,5.2,3.8,5.7,8.2,5.4,2.8,4.1,9.8,0.6,0.2,1.1,0.3,0.2,0.3,0.2,0.3,0.9,1.0,1.2,1.4,3.6,4.2,3.5,2.7,2.6,7.8,1.5,1.3,1.7,1.6,1.4,1.3,1.2,1.1,1.5,1.6,1.8,1.8,2.7,2.9,2.9,2.1,0.4,3.9,89.1,87.3,91.1,95.1,93.6,96.6,96.9,94.9,93.8,95.0,70.6,0.7,17.3,1.9,9.5,76.3,1.1,15.6,2.0,5.0,81.8,1.1,8.7,2.0,6.4,69.3,1.1,24.5,2.0,3.1,69.7,1.5,23.6,2.5,2.7,36.7,0.6,46.1,2.7,13.9,59.0,1.1,34.3,3.0,2.6,7.0,35.6,48.6,8.8,15.9,18.6,28.0,29.0,5.8,2.7,28.9,21.7,24.2,20.9,2.7,1.6,0.9,13.5,30.2,40.7,10.0,4.7,0.9,9.8,29.7,41.5,12.4,5.7,16.9,37.3,19.2,13.2,9.9,3.5
2024,Urbana,Municipal,17.6,15.4,19.6,24.6,23.4,27.5,21.8,22.5,23.9,24.4,24.7,27.4,27.9,27.5,27.2,17.8,28.0,30.5,28.0,26.1,21.5,,6.3,7.8,5.2,5.2,5.1,5.3,5.0,5.1,5.1,5.1,5.2,5.3,5.2,5.4,5.4,5.0,5.3,4.8,5.0,4.7,,11.5,7.6,19.4,1.9,4.5,8.8,10.8,12.0,19.4,20.3,20.0,17.9,13.8,16.4,12.9,11.2,30.2,95.6,97.1,92.3,99.0,97.9,95.5,96.4,97.2,90.9,91.1,92.3,95.6,93.3,89.5,94.0,96.6,94.9,,3.9,2.6,6.5,0.7,1.9,4.3,3.4,2.5,8.0,7.7,6.4,3.2,4.4,7.1,4.0,2.1,2.5,,0.5,0.3,1.2,0.3,0.2,0.2,0.2,0.3,1.1,1.2,1.3,1.2,2.3,3.4,2.0,1.3,2.6,,1.5,1.3,1.8,1.6,1.4,1.3,1.2,1.1,1.7,1.8,2.0,1.7,2.3,2.3,3.0,1.4,0.4,,89.1,87.3,91.1,93.9,93.1,95.7,97.3,91.5,87.8,94.5,70.6,0.7,17.3,1.9,9.5,75.9,1.1,14.9,2.0,6.1,80.5,1.1,9.4,2.0,7.0,65.6,1.1,27.3,1.9,4.1,74.0,1.3,21.4,1.2,2.1,30.9,0.5,48.5,2.6,17.5,43.6,0.8,51.8,2.1,1.7,6.5,34.1,49.8,9.6,20.4,20.6,27.0,25.0,4.4,2.6,29.0,20.4,25.2,21.2,2.6,1.6,1.3,17.6,28.4,38.2,9.1,5.4,2.1,10.8,26.1,40.0,14.4,6.6,22.4,44.7,19.0,4.6,7.3,2.0
2024,Total,Publica,17.1,15.3,18.7,23.3,22.3,26.6,20.8,21.6,22.6,23.2,23.2,26.3,26.8,26.7,26.5,14.0,29.3,31.1,29.1,27.6,21.5,22.0,6.1,7.6,5.1,5.2,5.1,5.4,5.0,5.1,5.1,5.1,5.1,5.4,5.4,5.4,5.4,5.8,6.1,5.7,5.6,4.9,5.2,12.4,7.8,17.9,2.0,4.4,8.9,11.0,12.6,17.1,18.1,18.5,17.7,19.7,22.5,19.4,16.3,28.4,95.3,97.0,93.2,99.0,98.0,95.3,96.3,96.6,92.4,92.6,93.3,94.8,90.9,87.8,91.2,94.6,92.8,84.2,4.0,2.7,5.5,0.7,1.8,4.5,3.4,3.0,6.6,6.2,5.3,3.8,5.6,8.0,5.2,2.8,4.4,8.7,0.7,0.3,1.3,0.3,0.2,0.2,0.3,0.4,1.0,1.2,1.4,1.4,3.5,4.2,3.6,2.6,2.8,7.1,1.5,1.3,1.7,1.6,1.4,1.3,1.2,1.1,1.5,1.6,1.8,1.8,2.6,2.9,2.8,2.0,0.4,4.1,86.7,85.7,87.8,92.2,91.1,93.2,96.6,95.0,87.8,94.9,69.1,0.7,16.9,1.9,11.4,69.9,1.0,18.7,2.1,8.3,79.0,1.0,8.9,2.0,9.1,59.3,0.9,30.1,2.1,7.6,68.0,1.5,24.7,2.8,3.0,27.0,0.4,43.2,2.4,27.0,57.0,1.0,35.4,3.1,3.5,9.0,33.6,44.9,12.5,20.0,18.5,26.8,27.1,5.2,2.4,32.3,19.6,23.6,20.4,2.6,1.5,5.8,15.2,28.7,37.6,8.7,4.0,1.2,10.2,29.5,41.4,12.2,5.5,23.2,32.2,19.7,11.9,10.3,2.7
2024,Total,Municipal,17.1,15.3,18.7,22.4,22.2,25.3,20.7,21.5,22.5,23.2,23.2,25.4,25.7,25.2,24.8,14.1,26.0,28.2,25.7,24.3,21.3,39.7,6.1,7.6,5.1,5.2,5.1,5.3,5.0,5.1,5.1,5.1,5.2,5.3,5.2,5.4,5.4,5.0,5.2,4.7,5.0,4.5,2.9,12.3,8.0,20.9,2.0,4.5,9.0,11.3,13.0,20.7,21.6,21.4,19.8,18.2,20.3,17.2,16.1,39.7,95.3,96.9,92.0,99.0,97.9,95.1,96.0,96.5,90.3,90.8,92.0,95.3,93.0,89.1,93.7,96.7,88.9,100.0,4.1,2.8,6.6,0.7,1.8,4.6,3.7,3.1,8.4,7.8,6.4,3.2,4.3,7.2,3.7,1.9,4.4,0.0,0.6,0.3,1.4,0.3,0.3,0.3,0.3,0.4,1.3,1.4,1.6,1.5,2.7,3.7,2.6,1.4,6.7,0.0,1.5,1.3,1.8,1.6,1.4,1.3,1.2,1.1,1.7,1.8,1.9,1.7,2.3,2.5,3.0,1.5,0.3,0.0,86.7,85.7,87.9,90.6,90.6,90.7,94.0,89.3,76.7,94.4,69.1,0.7,16.9,1.9,11.4,68.2,1.0,18.9,2.0,9.9,77.9,1.1,9.5,2.0,9.5,51.5,0.8,35.3,2.1,10.3,68.5,1.2,24.2,1.3,4.8,21.5,0.3,43.9,2.2,32.1,42.8,0.9,51.8,2.2,2.3,9.1,32.2,45.0,13.7,24.9,20.1,25.6,23.3,3.9,2.2,32.5,18.4,24.5,20.7,2.5,1.4,9.2,19.3,26.4,33.7,7.3,4.1,2.9,11.5,26.4,39.9,13.3,6.0,28.1,36.0,19.2,6.3,8.9,1.5
2024,Rural,Municipal,14.4,14.1,14.6,16.2,16.2,18.7,15.2,15.9,16.4,17.1,16.6,19.1,19.1,18.6,17.9,13.9,15.8,16.9,14.3,15.1,20.5,39.7,5.0,5.6,4.7,5.2,5.1,5.3,5.0,5.1,5.0,5.1,5.2,5.3,5.2,5.4,5.4,4.3,4.7,4.2,4.3,3.4,2.9,15.9,9.8,26.7,2.2,4.5,10.2,13.7,17.8,26.1,26.7,27.1,27.0,59.3,56.5,59.3,60.3,79.7,93.8,95.7,90.5,99.1,98.2,93.4,94.2,93.7,87.9,89.6,90.9,94.4,90.5,85.2,91.3,97.1,63.4,100.0,5.1,3.9,7.2,0.5,1.5,6.2,5.3,5.6,10.1,8.2,6.5,3.1,3.3,7.5,1.2,0.6,12.2,0.0,1.1,0.4,2.3,0.4,0.3,0.4,0.5,0.7,2.0,2.2,2.6,2.5,6.2,7.3,7.5,2.3,24.4,0.0,1.5,1.4,1.6,1.5,1.5,1.4,1.3,1.2,1.5,1.6,1.7,1.5,2.9,4.1,3.1,1.9,0.0,0.0,73.5,70.5,75.3,80.7,80.3,81.6,78.7,63.7,56.1,86.7,58.7,0.9,14.2,1.7,24.5,46.1,0.7,30.6,2.2,20.4,66.6,1.0,10.0,1.9,20.5,27.7,0.4,49.1,2.4,20.4,38.7,0.1,39.5,1.8,19.9,7.7,0.1,37.2,1.6,53.4,28.8,1.6,50.3,2.5,16.8,12.5,29.7,38.7,19.1,35.3,16.8,21.1,21.8,3.3,1.7,44.9,9.0,22.3,20.0,2.5,1.3,21.9,20.8,21.8,28.4,4.7,2.4,6.4,14.6,27.7,39.5,8.5,3.3,35.7,24.0,19.5,8.5,11.1,1.2
2024,Rural,Total,14.3,14.0,14.5,16.0,15.9,18.5,14.9,15.6,16.2,16.7,16.3,18.8,18.9,18.3,17.8,13.6,21.0,22.8,21.2,19.3,19.9,14.2,5.0,5.7,4.7,5.1,5.0,5.3,4.9,5.0,5.0,5.1,5.1,5.2,5.2,5.4,5.4,5.8,6.1,5.7,5.6,8.7,5.0,16.3,10.1,25.9,2.5,4.9,10.6,13.9,18.1,25.1,25.8,26.3,26.4,29.3,30.1,28.8,28.9,33.3,93.9,95.7,91.2,99.1,98.2,93.5,94.3,93.6,88.9,90.4,91.6,94.3,92.7,90.3,93.2,95.1,89.4,92.8,5.0,3.9,6.6,0.5,1.5,6.1,5.2,5.6,9.2,7.5,5.9,3.3,3.7,5.4,3.1,2.3,7.1,3.0,1.1,0.4,2.2,0.4,0.3,0.4,0.5,0.8,1.9,2.1,2.5,2.4,3.6,4.3,3.7,2.6,3.5,4.2,1.5,1.4,1.7,1.6,1.5,1.4,1.3,1.3,1.5,1.7,1.9,1.7,2.2,2.9,2.0,1.5,0.2,5.3,72.6,69.6,74.5,80.8,79.7,82.1,92.5,95.4,64.8,91.2,57.9,0.9,14.1,1.7,25.4,46.6,0.7,29.9,2.3,20.5,66.2,1.0,9.7,2.0,21.1,30.5,0.4,46.4,2.6,20.1,50.8,1.0,35.3,5.8,7.1,10.0,0.1,38.1,1.8,50.0,38.4,0.6,46.0,3.6,11.4,12.4,30.3,38.6,18.7,33.2,15.9,21.3,23.7,4.0,1.9,44.9,9.0,22.1,20.0,2.7,1.3,20.0,18.8,22.1,30.7,5.7,2.7,4.0,14.2,24.8,40.0,11.5,5.5,33.9,23.8,20.6,9.7,10.8,1.2
2024,Rural,Publica,14.3,14.0,14.5,16.0,15.9,18.4,14.9,15.6,16.2,16.7,16.3,18.8,18.9,18.3,17.7,13.7,20.9,22.7,21.1,19.2,21.9,14.3,5.0,5.6,4.7,5.1,5.0,5.3,4.9,5.0,5.0,5.1,5.1,5.2,5.2,5.3,5.4,5.6,5.9,5.5,5.5,5.9,5.0,16.5,10.1,26.1,2.5,4.9,10.6,14.0,18.2,25.3,26.0,26.5,26.6,29.8,30.6,29.3,29.2,39.4,93.8,95.6,91.1,99.1,98.1,93.5,94.3,93.6,88.8,90.3,91.5,94.3,92.6,90.2,93.1,95.0,85.1,92.8,5.0,3.9,6.7,0.5,1.5,6.2,5.3,5.7,9.2,7.6,6.0,3.3,3.7,5.4,3.2,2.3,10.3,3.0,1.2,0.5,2.2,0.4,0.4,0.3,0.4,0.7,2.0,2.1,2.5,2.4,3.7,4.4,3.7,2.7,4.6,4.2,1.5,1.4,1.6,1.5,1.5,1.4,1.3,1.2,1.5,1.6,1.8,1.6,2.1,2.9,1.9,1.3,0.2,5.2,73.0,70.0,74.7,80.9,79.9,82.0,92.7,96.2,64.6,86.9,58.3,0.9,14.1,1.7,25.0,46.5,0.7,30.0,2.4,20.4,66.4,1.0,9.8,2.0,20.8,30.3,0.4,46.6,2.6,20.1,50.8,1.0,35.4,5.8,7.0,9.9,0.1,38.0,1.8,50.2,38.6,0.6,46.0,3.4,11.4,12.4,30.3,38.6,18.7,33.3,15.9,21.2,23.7,4.0,1.9,45.0,8.9,22.1,20.0,2.7,1.3,20.1,18.8,22.0,30.7,5.7,2.7,4.1,13.5,24.3,40.6,11.9,5.6,33.9,23.5,20.6,9.8,11.0,1.2
2024,Rural,Estadual,9.7,9.4,9.7,14.7,12.7,17.3,11.9,12.6,12.9,13.1,13.0,17.3,17.7,17.3,17.1,11.4,20.3,22.1,20.7,18.8,16.9,12.8,5.0,5.4,4.9,4.9,4.7,5.0,4.6,4.7,4.7,4.7,4.7,5.0,5.0,5.1,5.0,5.4,5.6,5.3,5.2,6.8,4.5,20.9,16.0,23.3,6.3,11.0,17.1,19.1,24.3,21.7,22.6,24.1,25.0,30.6,31.7,30.0,29.8,39.6,94.2,95.2,93.8,98.3,96.9,93.8,95.1,92.5,93.7,93.6,94.1,93.6,92.6,90.2,93.1,94.9,86.9,92.8,4.2,4.0,4.4,0.9,2.3,5.4,4.2,6.4,4.9,4.7,3.8,4.0,3.5,5.1,3.0,2.2,8.7,2.5,1.6,0.8,1.8,0.8,0.8,0.8,0.7,1.1,1.4,1.7,2.1,2.4,3.9,4.7,3.9,2.9,4.4,4.7,1.6,1.4,1.7,1.5,1.5,1.5,1.3,1.2,1.4,1.5,1.9,2.0,2.2,2.9,1.9,1.4,0.2,6.1,40.6,33.5,42.7,82.2,73.8,84.0,92.3,95.4,86.3,88.2,29.4,0.1,7.4,2.9,60.2,49.9,0.6,25.4,3.8,20.3,63.7,0.4,5.8,3.9,26.2,45.0,0.6,32.4,3.8,18.2,49.4,0.6,36.9,5.9,7.2,31.8,0.5,46.5,3.0,18.2,38.1,0.5,46.5,3.4,11.5,11.6,36.2,36.9,15.3,20.2,9.5,21.8,36.0,8.9,3.6,46.3,7.2,19.6,20.4,4.6,1.9,11.8,9.7,22.6,41.2,10.5,4.2,4.3,10.4,22.7,43.1,13.2,6.3,18.4,18.8,30.4,20.1,10.5,1.8
